descriptio,gx_media_l,name,DPTO,NOMBRE_DPT,AREA,PERIMETER,HECTARES
"<img src=""https://lh5.googleusercontent.com/5-A_Yk0EQsxNZBMXJVpdYi5OwI0mKhNEmpb4NvKFqKd6CRq2gs9BGDa0IkYEcTMvAgt0iN_LeqPHfBkz7kNM2HqH3Nf5J_F5607f9s2P94YE-1GqXa0vUZFY4TGrHOQ"" height=""200"" width=""auto"" /><br><br>Direcci?n: Carrera 18 # 20-54 La Ceja<br>Tel:",https://lh5.googleusercontent.com/5-A_Yk0EQsxNZBMXJVpdYi5OwI0mKhNEmpb4NvKFqKd6CRq2gs9BGDa0IkYEcTMvAgt0iN_LeqPHfBkz7kNM2HqH3Nf5J_F5607f9s2P94YE-1GqXa0vUZFY4TGrHOQ,514 EPMSC La Ceja,"05",ANTIOQUIA,63351855546.895,1963728.843,6335185.555
"<img src=""https://lh4.googleusercontent.com/_HBM_-_O2tjCa4ai5gz4yR2fiPigPVTCTcR7GUQdizracB1Rq57NvuYxwfYnnNzWL-R6_SuRw-K2gH6niRSjxX1MnEylWHZogPyFUWjE70UGSj_jME7w3HA9JSZNKsJJ"" height=""200"" width=""auto"" /><br><br>Direcci?n: Calle 53 # 49-30 Edf Bancoquia Pi",https://lh4.googleusercontent.com/_HBM_-_O2tjCa4ai5gz4yR2fiPigPVTCTcR7GUQdizracB1Rq57NvuYxwfYnnNzWL-R6_SuRw-K2gH6niRSjxX1MnEylWHZogPyFUWjE70UGSj_jME7w3HA9JSZNKsJJ,500 Regional Noroeste,"05",ANTIOQUIA,63351855546.895,1963728.843,6335185.555
"<img src=""https://lh5.googleusercontent.com/t4MZPBSGixbwQbB9WjxdZurSfq7kalX8gKbByvKpTpC2swS9XoKgS9sBMbXK7pSR8msyj4cOTSR3EinXKGLWVEf0OzD6rQTCi26XKjVnpY3gvyutSI4-LHHZdUfKoBgzFg"" height=""200"" width=""auto"" /><br><br>Direcci?n: Carrera 70 # 23-10 San Francisc",https://lh5.googleusercontent.com/t4MZPBSGixbwQbB9WjxdZurSfq7kalX8gKbByvKpTpC2swS9XoKgS9sBMbXK7pSR8msyj4cOTSR3EinXKGLWVEf0OzD6rQTCi26XKjVnpY3gvyutSI4-LHHZdUfKoBgzFg https://lh3.googleusercontent.com/wc72exAcURZeqJbGnB6Irv1Nwimvc21SmdrkzXu6y-94a-ZwYgy2Hsa,501 EPC La Paz,"05",ANTIOQUIA,63351855546.895,1963728.843,6335185.555
"<img src=""https://lh4.googleusercontent.com/jWwEdxH7MUSgKr6f5OTZWuubeJ_jdxw-DWQBBJ6II2djD6IHrcw7uutJFVY7JJ_SrKxDEgAamTxwCIfPPNyObITQZ3yeYTKR1t92jDEx3ZV2RPZzy4k9Fnn2NfjmgKTf"" height=""200"" width=""auto"" /><br><br>Direcci?n: Diagonal 44 #39-145 Machado Bello",https://lh4.googleusercontent.com/jWwEdxH7MUSgKr6f5OTZWuubeJ_jdxw-DWQBBJ6II2djD6IHrcw7uutJFVY7JJ_SrKxDEgAamTxwCIfPPNyObITQZ3yeYTKR1t92jDEx3ZV2RPZzy4k9Fnn2NfjmgKTf,502 EPMSC Medellin,"05",ANTIOQUIA,63351855546.895,1963728.843,6335185.555
"<img src=""https://lh3.googleusercontent.com/K4PqBm7GFBGs13DAuinvMJFnb1GKShGJzBJ_RwBnhylg5-CQcpj2QFDBLwtXMHS7Ysf-g74_bkjV71GvQoUlEBG1_u9yn_vN4xuz1z7qd4cD1RXfGug5C7XYkBuLLc1Z"" height=""200"" width=""auto"" /><br><br>Direcci?n: Calle 49 Nro. 55 - 154 Barrios Sa",https://lh3.googleusercontent.com/K4PqBm7GFBGs13DAuinvMJFnb1GKShGJzBJ_RwBnhylg5-CQcpj2QFDBLwtXMHS7Ysf-g74_bkjV71GvQoUlEBG1_u9yn_vN4xuz1z7qd4cD1RXfGug5C7XYkBuLLc1Z,505 EPMSC Andes,"05",ANTIOQUIA,63351855546.895,1963728.843,6335185.555
"<img src=""https://lh3.googleusercontent.com/wInwfTgO0R81pwdOctFPj1H0tvzf5UK8gcHrpP20V1vqIXVlQuHnzd5vRUu6FNwlR77nP_Bc2qr0Ne4r8w6LOR7eKSXGFMVAKJiDmAE4SrzjTTAhlNwQz9Xw4a7Vz3-k"" height=""200"" width=""auto"" /><br><br>Direcci?n: Cra 6 # 9-57 B\ jesus		<br>Tel: (",https://lh3.googleusercontent.com/wInwfTgO0R81pwdOctFPj1H0tvzf5UK8gcHrpP20V1vqIXVlQuHnzd5vRUu6FNwlR77nP_Bc2qr0Ne4r8w6LOR7eKSXGFMVAKJiDmAE4SrzjTTAhlNwQz9Xw4a7Vz3-k,506 EC Santa Fe de Antioquia,"05",ANTIOQUIA,63351855546.895,1963728.843,6335185.555
"<img src=""https://lh4.googleusercontent.com/NXXPIRY5aCHqr_2rIbqlWzIJg9BuRXrFhFncMuuqqYDWDnbKXpqpyQIGqoLP-7L84d8e7MDyYyClQc_PFR7ZZLslQj7OBk_r6zdTBKyzOiqvTQwtHMfBE5yQo2DZ81re"" height=""200"" width=""auto"" /><br><br>Direcci?n: Calle 49 # 37-61 Bolivar - Ant.io",https://lh4.googleusercontent.com/NXXPIRY5aCHqr_2rIbqlWzIJg9BuRXrFhFncMuuqqYDWDnbKXpqpyQIGqoLP-7L84d8e7MDyYyClQc_PFR7ZZLslQj7OBk_r6zdTBKyzOiqvTQwtHMfBE5yQo2DZ81re,507 EPMSC Bolivar,"05",ANTIOQUIA,63351855546.895,1963728.843,6335185.555
"<img src=""https://lh3.googleusercontent.com/JqC-clOetYqiVP86iW0EOTUP1ooyXlaDBvn5IeQojxmZ5yglZIFbW24bi2yqL-H6NEM6sOAMmxot3E6uS5YmXoXxlFA_9dVjOkq9fxne4QSqgWpEU7BcjsCjF1cLzbuovQ"" height=""200"" width=""auto"" /><br><br>Direcci?n: Carrera 17 # 8-65 Barrio Pueblo",https://lh3.googleusercontent.com/JqC-clOetYqiVP86iW0EOTUP1ooyXlaDBvn5IeQojxmZ5yglZIFbW24bi2yqL-H6NEM6sOAMmxot3E6uS5YmXoXxlFA_9dVjOkq9fxne4QSqgWpEU7BcjsCjF1cLzbuovQ https://lh5.googleusercontent.com/X-iYYWkZ92ETnbJC1TwYknpA0MLkj2BXh6lkGVJqYPRIT9Z7yIg8BMc,508 EPMSC Caucasia,"05",ANTIOQUIA,63351855546.895,1963728.843,6335185.555
"<img src=""https://lh5.googleusercontent.com/_XQhXIde2ETOkCaBbzGV-5IL__GQHhMtVZj6VnsdAeq5rOWxv05UmWVPQGTtlzhUVNQ_2rwZ4d1XAQzghPqXtgpsbr2rFUn2XqDWLf4-BxghylQVYgdqY57t3oWnKWw"" height=""200"" width=""auto"" /><br><br>Direcci?n: Carrera 6 # 4-29 Barrio Las Quebra",https://lh5.googleusercontent.com/_XQhXIde2ETOkCaBbzGV-5IL__GQHhMtVZj6VnsdAeq5rOWxv05UmWVPQGTtlzhUVNQ_2rwZ4d1XAQzghPqXtgpsbr2rFUn2XqDWLf4-BxghylQVYgdqY57t3oWnKWw,513 EPMSC Jerico,"05",ANTIOQUIA,63351855546.895,1963728.843,6335185.555
"<img src=""https://lh3.googleusercontent.com/KrFbsFAOwB83sZUJJi0zhPsEq8oCZiAqASVIt6nck3LAfGKyozgi_Wjrq5i5BJC0QeOmQxJMQB6iu4fvH6w0nTn1metNrv0WGSoMre0A81Pl--0RqTBfoWorKgW5BoVT"" height=""200"" width=""auto"" /><br><br>Direcci?n: Calle Sucre #51-26 Santa Barbara",https://lh3.googleusercontent.com/KrFbsFAOwB83sZUJJi0zhPsEq8oCZiAqASVIt6nck3LAfGKyozgi_Wjrq5i5BJC0QeOmQxJMQB6iu4fvH6w0nTn1metNrv0WGSoMre0A81Pl--0RqTBfoWorKgW5BoVT,517 EPMSC Santa Barbara,"05",ANTIOQUIA,63351855546.895,1963728.843,6335185.555
"<img src=""https://lh4.googleusercontent.com/xcU_SsFKqMIJk4B7lbQopi8PmixKGobCNiE0-YxiHlrUccZVLGBp8cN6QrdgyWPHa0vaDJxw7qVGN9QF7qIK1pWrSPZ8mpRcAaXYJSEOGt4ongFwOfL-nT_fpd5nVkB7"" height=""200"" width=""auto"" /><br><br>Direcci?n: Carrera Restrepo Uribe ?15 # 14 ?",https://lh4.googleusercontent.com/xcU_SsFKqMIJk4B7lbQopi8PmixKGobCNiE0-YxiHlrUccZVLGBp8cN6QrdgyWPHa0vaDJxw7qVGN9QF7qIK1pWrSPZ8mpRcAaXYJSEOGt4ongFwOfL-nT_fpd5nVkB7,518 EPMSC Santo Domingo,"05",ANTIOQUIA,63351855546.895,1963728.843,6335185.555
"<img src=""https://lh6.googleusercontent.com/CxgEulNzKwuIMegkzNn1r4Gtml1Le2tjBTGMCSGDxpkFhV_3dLYsbeAGxm6x4NhHLhrXvMYkqDAkeFkJSqvLx8fr1MqPDjduGRJB7XeVKTfg1dD9UsIKhE7awtCiYow"" height=""200"" width=""auto"" /><br><br>Direcci?n: Calle 27 #34 A 15 Santa Rosa de Os",https://lh6.googleusercontent.com/CxgEulNzKwuIMegkzNn1r4Gtml1Le2tjBTGMCSGDxpkFhV_3dLYsbeAGxm6x4NhHLhrXvMYkqDAkeFkJSqvLx8fr1MqPDjduGRJB7XeVKTfg1dD9UsIKhE7awtCiYow https://lh3.googleusercontent.com/IOFKqJHbzc_3sS6q6AKi8AV8liyaNSLjyeTBZE9em68awVkART7yIqKXef,519 EPMSC Santa Rosa De Osos,"05",ANTIOQUIA,63351855546.895,1963728.843,6335185.555
"<img src=""https://lh4.googleusercontent.com/bhDolLHCPlWBmmyJ_gF1MjIN76-dAD8y0kVOx5ulYg6R_NCQNW6F6YHDolQGTEDwfpNr-8Wt4g0X9Xpt_H8ONWNwDTqzlwuclGbA2h_k4eo7BQ2PLfCfZD7X0_EkiF1T"" height=""200"" width=""auto"" /><br><br>Direcci?n: Carrera 7 #12-14 Sonson Antioquia",https://lh4.googleusercontent.com/bhDolLHCPlWBmmyJ_gF1MjIN76-dAD8y0kVOx5ulYg6R_NCQNW6F6YHDolQGTEDwfpNr-8Wt4g0X9Xpt_H8ONWNwDTqzlwuclGbA2h_k4eo7BQ2PLfCfZD7X0_EkiF1T,521 EPMSC Sonson,"05",ANTIOQUIA,63351855546.895,1963728.843,6335185.555
"<img src=""https://lh3.googleusercontent.com/gEKmMyjQuYMv9dh876W7x-hcHgNaXocbyj6Qv2cn3amtJObxatLxKESkr4sTSsx6HWupV1PAYotxsvc64KSmo8YEiIXqbQDWEwA84FLLvQ3eWA7fdfQO7IWOZzbh6fD7"" height=""200"" width=""auto"" /><br><br>Direcci?n: Carrera 10 #9-40 Tamesis Antioqui",https://lh3.googleusercontent.com/gEKmMyjQuYMv9dh876W7x-hcHgNaXocbyj6Qv2cn3amtJObxatLxKESkr4sTSsx6HWupV1PAYotxsvc64KSmo8YEiIXqbQDWEwA84FLLvQ3eWA7fdfQO7IWOZzbh6fD7,523 EPMSC Tamesis,"05",ANTIOQUIA,63351855546.895,1963728.843,6335185.555
"<img src=""https://lh5.googleusercontent.com/ORjpEgTpWJTLHH4zSJtzTmt3yLnhkhew1ALjhUm4_frMVZo00lplvHkwXjSUPHqBUw7x4IS9eH3poKSYU43bTwhhQoGgJGd_T31sTom4Lw2gb4llT-ZUpRNPARyQiHY"" height=""200"" width=""auto"" /><br><br>Direcci?n: Carrera 20 Bolivar # 20 - 14 Titir",https://lh5.googleusercontent.com/ORjpEgTpWJTLHH4zSJtzTmt3yLnhkhew1ALjhUm4_frMVZo00lplvHkwXjSUPHqBUw7x4IS9eH3poKSYU43bTwhhQoGgJGd_T31sTom4Lw2gb4llT-ZUpRNPARyQiHY,524 EPMSC Titiribi,"05",ANTIOQUIA,63351855546.895,1963728.843,6335185.555
"<img src=""https://lh4.googleusercontent.com/idWslBepSu8ofpuBFJecOBj3VIPLH1MKGEWsOuhloeBIWCBRySJhNynlpY6JA_Ju8EVS3D623uGiJ6xGCCyLyrnfIbwJ-81t_15PnhbFrp4A_UXDtdnRJTHzWKmB2f5b"" height=""200"" width=""auto"" /><br><br>Direcci?n: Carrera 21 #20 - 03 Yarumal Antio",https://lh4.googleusercontent.com/idWslBepSu8ofpuBFJecOBj3VIPLH1MKGEWsOuhloeBIWCBRySJhNynlpY6JA_Ju8EVS3D623uGiJ6xGCCyLyrnfIbwJ-81t_15PnhbFrp4A_UXDtdnRJTHzWKmB2f5b,527 EPMSC Yarumal,"05",ANTIOQUIA,63351855546.895,1963728.843,6335185.555
"<img src=""https://lh6.googleusercontent.com/HN29huSTGGSc7pvLcAkOvHwahM2I2Unowd0v_qMdBp4jY5Yu6xRlKPOtkumFbYnBvGN13CpMwHT7tS66Vsn6zYK4Nxa-0ZYFJ6gj-IstYBQZMit5SVVgTgBhU_fNj7X4EA"" height=""200"" width=""auto"" /><br><br>Direcci?n: kilometro 15 via apartado- care",https://lh6.googleusercontent.com/HN29huSTGGSc7pvLcAkOvHwahM2I2Unowd0v_qMdBp4jY5Yu6xRlKPOtkumFbYnBvGN13CpMwHT7tS66Vsn6zYK4Nxa-0ZYFJ6gj-IstYBQZMit5SVVgTgBhU_fNj7X4EA,531 EPMSC Apartado,"05",ANTIOQUIA,63351855546.895,1963728.843,6335185.555
"<img src=""https://lh4.googleusercontent.com/yosHqI6d0OSXUsrEJLDcPzNlH5uSsoLGSEUHD1sSjSu1i-zJq59pVrVf2FFR9jDSkQVw1SLt8DL2Hfl6bQlIrSfoEWOdqTZ0MM9Pw9HgxxPCkEFWWocKikVwdibB7ROR"" height=""200"" width=""auto"" /><br><br>Direcci?n: V?a Medell?n - Bogot? Km 115 (Hac",https://lh4.googleusercontent.com/yosHqI6d0OSXUsrEJLDcPzNlH5uSsoLGSEUHD1sSjSu1i-zJq59pVrVf2FFR9jDSkQVw1SLt8DL2Hfl6bQlIrSfoEWOdqTZ0MM9Pw9HgxxPCkEFWWocKikVwdibB7ROR https://lh3.googleusercontent.com/rkH60dyluznp_aYAjtl_TNLi7_F4g2V1_PcLqQtBQ0fFpR7f1jgNo6vaJ,535 EP Puerto Triunfo,"05",ANTIOQUIA,63351855546.895,1963728.843,6335185.555
"<img src=""https://lh4.googleusercontent.com/idgDniDkyOeGU-LYgoLTIfusgWct4KCYiKOhuwkxNdYXV7dhquAbjSIh4xfQD1E3nDXZ5p1SKbXKud3ooHPr3g3Aqm0RHJiHLysbUoX9bkL1ARDUVTL34T3tO1pBrkHC"" height=""200"" width=""auto"" /><br><br>Direcci?n: kilometro 6 antigua via al mar<br",https://lh4.googleusercontent.com/idgDniDkyOeGU-LYgoLTIfusgWct4KCYiKOhuwkxNdYXV7dhquAbjSIh4xfQD1E3nDXZ5p1SKbXKud3ooHPr3g3Aqm0RHJiHLysbUoX9bkL1ARDUVTL34T3tO1pBrkHC,537 COPED Pedregal,"05",ANTIOQUIA,63351855546.895,1963728.843,6335185.555
"<img src=""https://lh4.googleusercontent.com/BunmB8GoeDYItl6CdmTKe5G419xoj6CETscEx2BSXZzCYtg5_lqJ6u7--tMza1Rb_4UAh1vZ9TT3ntTFPeFk1tWMMHLBiQf36l9gU6hLJ4OQxpXdsorit3cRNNVxEsZe"" height=""200"" width=""auto"" /><br><br>Direcci?n: Carrera 5 # 6B - 124<br>Tel: (098",https://lh4.googleusercontent.com/BunmB8GoeDYItl6CdmTKe5G419xoj6CETscEx2BSXZzCYtg5_lqJ6u7--tMza1Rb_4UAh1vZ9TT3ntTFPeFk1tWMMHLBiQf36l9gU6hLJ4OQxpXdsorit3cRNNVxEsZe,633 EPMSC Puerto Boyaca,"05",ANTIOQUIA,63351855546.895,1963728.843,6335185.555
"<img src=""https://lh4.googleusercontent.com/proxy/HHR0lE95fJfyJjBAoClbRVmK70AmvcdfjnmqnizdlyOxj1x_FChVtQSDDi8IlZpNp6FNvguPZMK8hexoNRAoIKisLY888ODz2WHJsFwS7zJQK8yxdya1utaR3heYFNv6LkBE3HthKvwzrZCbVFwfpwUCo07T3b0EYtoQ9Pw2ptmbB3kyQWU"" height=""200"" width=""aut",https://lh4.googleusercontent.com/proxy/HHR0lE95fJfyJjBAoClbRVmK70AmvcdfjnmqnizdlyOxj1x_FChVtQSDDi8IlZpNp6FNvguPZMK8hexoNRAoIKisLY888ODz2WHJsFwS7zJQK8yxdya1utaR3heYFNv6LkBE3HthKvwzrZCbVFwfpwUCo07T3b0EYtoQ9Pw2ptmbB3kyQWU,9003 POMED Aures Medellin,"05",ANTIOQUIA,63351855546.895,1963728.843,6335185.555
"<img src=""https://lh5.googleusercontent.com/proxy/sCGCgVjKGoK6zBdcQe-pGeSmv8PfHPHZNYHiNJTe51wOCrwB9Tly8tCVLd2UQL7WdzzUZ_4mUCoFwIo6G1sT1VZ0biIpxmFJfvGOn4RRKMu2YnMJwkNh-G2WFZDegWJxXKqJMaOE8GnDA5nClVtoSuRcAKZPsXMTz1P2HqIWtoAmb1iLVKFG"" height=""200"" width=""au",https://lh5.googleusercontent.com/proxy/sCGCgVjKGoK6zBdcQe-pGeSmv8PfHPHZNYHiNJTe51wOCrwB9Tly8tCVLd2UQL7WdzzUZ_4mUCoFwIo6G1sT1VZ0biIpxmFJfvGOn4RRKMu2YnMJwkNh-G2WFZDegWJxXKqJMaOE8GnDA5nClVtoSuRcAKZPsXMTz1P2HqIWtoAmb1iLVKFG,9017 EJEBE BIOSP Bello,"05",ANTIOQUIA,63351855546.895,1963728.843,6335185.555
"<img src=""https://lh3.googleusercontent.com/laQ5wxbptGThiGs_LGDXL3Yiz2D4jriq5FSxSuJUZuUN4CLbK6zb1WI69Mp6C3ciZ4mqbMY4M0hP64FxBBI9N9Vg0X-tTp48yfvCmss6QnBaBUngavAgvEiZoJp4yYw"" height=""200"" width=""auto"" /><br><br>Direcci?n: Carrera 27 # 13-90 Sabanalarga<br>",https://lh3.googleusercontent.com/laQ5wxbptGThiGs_LGDXL3Yiz2D4jriq5FSxSuJUZuUN4CLbK6zb1WI69Mp6C3ciZ4mqbMY4M0hP64FxBBI9N9Vg0X-tTp48yfvCmss6QnBaBUngavAgvEiZoJp4yYw,302 EC Sabanalarga,"08",ATLANTICO,3360765349.961,240936.172,336076.535
"<img src=""https://lh5.googleusercontent.com/hkFy-j2X5RsPP3jHdmr_e1q1OwEo69kI63do8EtCK-vDuMsIfJzwoERmIw5Kfte2wUGgo0Gg8XQowexfvp1XVayFkTuwG2AytW3aCmvIVFb2bvkuivraXxAwjAztADc"" height=""200"" width=""auto"" /><br><br>Direcci?n: Calle 76 Carrera 8 Esquina (Barran",https://lh5.googleusercontent.com/hkFy-j2X5RsPP3jHdmr_e1q1OwEo69kI63do8EtCK-vDuMsIfJzwoERmIw5Kfte2wUGgo0Gg8XQowexfvp1XVayFkTuwG2AytW3aCmvIVFb2bvkuivraXxAwjAztADc https://lh6.googleusercontent.com/U_c0qrWRUGAYOkKlOgJ6gm5q9cDxIbRex9PeIFUeeKBx8LFcowrFhcB4g5,322 EPMSC Barranquilla,"08",ATLANTICO,3360765349.961,240936.172,336076.535
"<img src=""https://lh3.googleusercontent.com/proxy/D6ENI6LVQMJNeite19UgEPv1TtwFnoT5NgJZ_wWQ3yTKBtfw2ciYcPTFE8u3dUzpq8Ut3SOzYTf-ANJcMwLP_6ZbPU0drbVYLMcR4646BJIt-OfDbjUlpU5vCpV84imtbSXUOn8wea3E5_7uQkhalleoRSJH0IlByn6RDm0ZEtgiETXRLpQ"" height=""200"" width=""aut",https://lh3.googleusercontent.com/proxy/D6ENI6LVQMJNeite19UgEPv1TtwFnoT5NgJZ_wWQ3yTKBtfw2ciYcPTFE8u3dUzpq8Ut3SOzYTf-ANJcMwLP_6ZbPU0drbVYLMcR4646BJIt-OfDbjUlpU5vCpV84imtbSXUOn8wea3E5_7uQkhalleoRSJH0IlByn6RDm0ZEtgiETXRLpQ,9021 EJEMA BIVER Malambo,"08",ATLANTICO,3360765349.961,240936.172,336076.535
"<img src=""https://lh3.googleusercontent.com/FagWoJYwqRTh5Wd1zFnAO7_VNtCJ-c6iM10B_jVoq3xZ1UzgeLmRSvr76Rh9yVt9Ck5p_GBmpiBRnaEH5C6AAv4ksc1t7Ilfbibc4AS3vDtTZgdvi94at2AsX8ybkB4"" height=""200"" width=""auto"" /><br><br>Direcci?n: Cra. 10 No.15-22, Bogot? D.C.<br>T",https://lh3.googleusercontent.com/FagWoJYwqRTh5Wd1zFnAO7_VNtCJ-c6iM10B_jVoq3xZ1UzgeLmRSvr76Rh9yVt9Ck5p_GBmpiBRnaEH5C6AAv4ksc1t7Ilfbibc4AS3vDtTZgdvi94at2AsX8ybkB4,100 Regional Central,"11",SANTAFE DE BOGOTA D.C,1650947779.134,323322.540,165094.778
"<img src=""https://lh5.googleusercontent.com/proxy/L54zBDdIKAYevrglv-tCrX80Z__T8RhXNZdGU0lHoMFE98-pSAjDa3dXF_bF0J0J0Nj8DPZVKpHeyPKdFNftC-5q_s-O4NB1FSU-UB4Bub10j6BFOXvtN0ydZdFLEIFMj-SKi8rMtoSPqwGD4uU"" height=""200"" width=""auto"" /><br><br>Direcci?n: Kil?metr",https://lh5.googleusercontent.com/proxy/L54zBDdIKAYevrglv-tCrX80Z__T8RhXNZdGU0lHoMFE98-pSAjDa3dXF_bF0J0J0Nj8DPZVKpHeyPKdFNftC-5q_s-O4NB1FSU-UB4Bub10j6BFOXvtN0ydZdFLEIFMj-SKi8rMtoSPqwGD4uU https://lh5.googleusercontent.com/proxy/LbFBx8f0nUBEIO1vps6NT8vCdD,113 COMEB,"11",SANTAFE DE BOGOTA D.C,1650947779.134,323322.540,165094.778
"<img src=""https://lh3.googleusercontent.com/E947LFfGOG3-n75-DixAWkrn9gcVZ_QQQ9hgEglRBzNedKZldHfBc67pFK_Rv9RXvaqhPu2Ok9PLe2WJOoywl8eMmdHnvM831WY8nS71XOvkXkZXUYqYgkqOvrqKP5DXAw"" height=""200"" width=""auto"" /><br><br>Direcci?n: Carrera 56 #18 A 47 Bogot? D.C.",https://lh3.googleusercontent.com/E947LFfGOG3-n75-DixAWkrn9gcVZ_QQQ9hgEglRBzNedKZldHfBc67pFK_Rv9RXvaqhPu2Ok9PLe2WJOoywl8eMmdHnvM831WY8nS71XOvkXkZXUYqYgkqOvrqKP5DXAw https://lh5.googleusercontent.com/IUWWaCQRMAhTPdAGejwFUIl4SP_LsrhzF8HPZR1wtwWIYIuPlhSqgNG,114 EC Bogota,"11",SANTAFE DE BOGOTA D.C,1650947779.134,323322.540,165094.778
"<img src=""https://lh3.googleusercontent.com/m9Et3ZSFMuCxKgZDcqC6OzqJhQziCPmr7UQcLJOHbNgohvxkHbYgCO1sGnmnhn7aPRteMApzHiZEN8DYZ5KxUkE_HonYYdB-uP4o3A-yVEJvAOgHAEqkzc0RSN5XbWJa"" height=""200"" width=""auto"" /><br><br>Direcci?n: Cra 47. No. 84 ? 25 Barrio Entre",https://lh3.googleusercontent.com/m9Et3ZSFMuCxKgZDcqC6OzqJhQziCPmr7UQcLJOHbNgohvxkHbYgCO1sGnmnhn7aPRteMApzHiZEN8DYZ5KxUkE_HonYYdB-uP4o3A-yVEJvAOgHAEqkzc0RSN5XbWJa,129 RM Bogota,"11",SANTAFE DE BOGOTA D.C,1650947779.134,323322.540,165094.778
"<img src=""https://lh5.googleusercontent.com/proxy/SJrNUmpR31Clea2Ig0XmoihJBpe5px6uzziONTaKa6RhavLk_qOR_t8g6nC1x8vaUqoCwh3IOncQLlNOTGve1q95h8fsJDYAfYGuOvpJIVaEHMs7Az7MFIC8C9P0addahRR4f81hF83NIIec4KOE8AIymfqnvtSC5LVXmNKO2nK_YeCubP8"" height=""200"" width=""aut",https://lh5.googleusercontent.com/proxy/SJrNUmpR31Clea2Ig0XmoihJBpe5px6uzziONTaKa6RhavLk_qOR_t8g6nC1x8vaUqoCwh3IOncQLlNOTGve1q95h8fsJDYAfYGuOvpJIVaEHMs7Az7MFIC8C9P0addahRR4f81hF83NIIec4KOE8AIymfqnvtSC5LVXmNKO2nK_YeCubP8,9006 EJEPO Batallon De Policia Militar No. 13,"11",SANTAFE DE BOGOTA D.C,1650947779.134,323322.540,165094.778
"<img src=""https://lh6.googleusercontent.com/proxy/03G01fvL6CmCmU57C7Xwq7PDXBOcHRmidmIbNelEH2rwuamWNXoHCdlvQomdHlffVrO9XjwXfu7Ms1rMIlN2bcLNlnIVX-BfB3xEb5SWDb_W6qtQha-fcIpJYJkrKIlPtFVRWqZXicfanyuwDjdbcKYfnvgIwLJobYB-cw-MaKJZqZ47gRA"" height=""200"" width=""aut",https://lh6.googleusercontent.com/proxy/03G01fvL6CmCmU57C7Xwq7PDXBOcHRmidmIbNelEH2rwuamWNXoHCdlvQomdHlffVrO9XjwXfu7Ms1rMIlN2bcLNlnIVX-BfB3xEb5SWDb_W6qtQha-fcIpJYJkrKIlPtFVRWqZXicfanyuwDjdbcKYfnvgIwLJobYB-cw-MaKJZqZ47gRA,9011 EJART Batallon De Artilleria No. 13,"11",SANTAFE DE BOGOTA D.C,1650947779.134,323322.540,165094.778
"<img src=""https://lh4.googleusercontent.com/GYnx2qXyRVq3hurMglBlnycBndOWJytRpdgtYsfmueep95UIxw9tv_N0a71_CBU2hH1coxeN6s9_2NtOedXGQ877M37rwt8AbcwV7bAzJey3iTCJ_FdQb96xY16Hdv6n"" height=""200"" width=""auto"" /><br><br>Direcci?n: Barrio Camilo Torres<br>Tel: Cana",https://lh4.googleusercontent.com/GYnx2qXyRVq3hurMglBlnycBndOWJytRpdgtYsfmueep95UIxw9tv_N0a71_CBU2hH1coxeN6s9_2NtOedXGQ877M37rwt8AbcwV7bAzJey3iTCJ_FdQb96xY16Hdv6n,305 EPMSC Magangue,"13",BOLIVAR,26141894527.750,1309427.968,2614189.453
"<img src=""https://lh6.googleusercontent.com/D-Qbwxo9kujzWF72EWOb_qVIUKhDLiX6eRkE2ZcKNOXZwmAL5mpy-1Zy_FZIku1Y4rxumH5nf1TlfbZb6RO7PSxxD4ZAYzksFCyn_JUkkf-OClQyTRvTkuajZ788QWX7"" height=""200"" width=""auto"" /><br><br>Direcci?n: Carretera Troncal Kilometro 3<br>",https://lh6.googleusercontent.com/D-Qbwxo9kujzWF72EWOb_qVIUKhDLiX6eRkE2ZcKNOXZwmAL5mpy-1Zy_FZIku1Y4rxumH5nf1TlfbZb6RO7PSxxD4ZAYzksFCyn_JUkkf-OClQyTRvTkuajZ788QWX7,303 EPMSC Cartagena,"13",BOLIVAR,26141894527.750,1309427.968,2614189.453
"<img src=""https://lh4.googleusercontent.com/JAF4vqGOmxKgepCDOvcRt8tOBF85sA4KBdHTmUNNe49cgF7-02zrywaux1SkzXk1Xf55PcwsxlwM8TFrtR_ZfCNiahELap8eoqBlnr3ssXOytmyz2Uhl8k_SIfzJIT7P"" height=""200"" width=""auto"" /><br><br>Direcci?n: Km. 2 V?a Santa Rosa - Cerinza, S",https://lh4.googleusercontent.com/JAF4vqGOmxKgepCDOvcRt8tOBF85sA4KBdHTmUNNe49cgF7-02zrywaux1SkzXk1Xf55PcwsxlwM8TFrtR_ZfCNiahELap8eoqBlnr3ssXOytmyz2Uhl8k_SIfzJIT7P,103 EPMSC Santa Rosa de Viterbo,"15",BOYACA,23352582463.939,1364539.911,2335258.246
"<img src=""https://lh6.googleusercontent.com/B5ZqpZPCONmkZnroL8ZyIhJNWPmfoyjWF1Nnnze_757Mo7UgvvHO6IJTrcBhlT4Zo_tGp7f0xj5Qq2sbCq46yKT9N_hxQ6pPSU8ZFX2bB89Uj_IfS593hLg5Pd9TOVg"" height=""200"" width=""auto"" /><br><br>Direcci?n: Kil?metro 2 V?a A Bogot?, Chiquinq",https://lh6.googleusercontent.com/B5ZqpZPCONmkZnroL8ZyIhJNWPmfoyjWF1Nnnze_757Mo7UgvvHO6IJTrcBhlT4Zo_tGp7f0xj5Qq2sbCq46yKT9N_hxQ6pPSU8ZFX2bB89Uj_IfS593hLg5Pd9TOVg,104 EPMSC Chiquinquira,"15",BOYACA,23352582463.939,1364539.911,2335258.246
"<img src=""https://lh3.googleusercontent.com/mpC2ZhAGyveA4js-cLAYQz2Y_TsrrkWldsB5S7_FF31NQWnJRp6nkKeMbUZF-gI0Oi07a7ttL4AIVjl3YjBzwQH0cMPeELITbPQg31ixVlObyHw4Lud9RcPkMPJ5EM4L"" height=""200"" width=""auto"" /><br><br>Direcci?n: Calle 7 #15-08, Diutama (Boyac?)<",https://lh3.googleusercontent.com/mpC2ZhAGyveA4js-cLAYQz2Y_TsrrkWldsB5S7_FF31NQWnJRp6nkKeMbUZF-gI0Oi07a7ttL4AIVjl3YjBzwQH0cMPeELITbPQg31ixVlObyHw4Lud9RcPkMPJ5EM4L https://lh3.googleusercontent.com/bjPfxaaF_cOVOAGJUWiUp1S2JN4HTujI7zvCg3NWoLRuLgocNWYzaJ7or,105 EPMSC Duitama,"15",BOYACA,23352582463.939,1364539.911,2335258.246
"<img src=""https://lh6.googleusercontent.com/BP43eWQ7LJ18AxXVk2hfkxaSnyPMcYRGzX1w_SbtcmIdY310F8VJts6zI_Pm9Pd2TZXYEAgn1wPGxPlfiDv9ZdoslNIaB2rNYD1Frw7TZtvu8ztx8Z7z1M5G1g8aRhE"" height=""200"" width=""auto"" /><br><br>Direcci?n: Carrera 10 #9-93, Garagoa (Boyac?)",https://lh6.googleusercontent.com/BP43eWQ7LJ18AxXVk2hfkxaSnyPMcYRGzX1w_SbtcmIdY310F8VJts6zI_Pm9Pd2TZXYEAgn1wPGxPlfiDv9ZdoslNIaB2rNYD1Frw7TZtvu8ztx8Z7z1M5G1g8aRhE,106 EPMS Garagoa,"15",BOYACA,23352582463.939,1364539.911,2335258.246
"<img src=""https://lh5.googleusercontent.com/xRXba1XOBBRb65VkgcHZptGoRr4hvcekRACX19nl7jNWAygLTGwOdMQsIKD5ORwDLkWlOKI9Epo_aYk_P0c92uTsFM6mpB0IlL5BmbzaBuodYpZS5GJ56eEq96lqzG1cag"" height=""200"" width=""auto"" /><br><br>Direcci?n: Calle 9 N? 6-35, Guateque (Cund",https://lh5.googleusercontent.com/xRXba1XOBBRb65VkgcHZptGoRr4hvcekRACX19nl7jNWAygLTGwOdMQsIKD5ORwDLkWlOKI9Epo_aYk_P0c92uTsFM6mpB0IlL5BmbzaBuodYpZS5GJ56eEq96lqzG1cag,107 EPMSC Guateque,"15",BOYACA,23352582463.939,1364539.911,2335258.246
"<img src=""https://lh6.googleusercontent.com/U1n4YXTVgfM-4J_U6s7TV58cNwCk-yntMfkUf07oPJ-YVKBSADz1u5VvlEYfs6ThMS-uOWXvU5cW_ccbmvZ1Ap2FC24DtoLueUiNXfspao-nR5poOvu8AXoZscKr8M6PAg"" height=""200"" width=""auto"" /><br><br>Direcci?n: Kilometro 1 Salida A Barbosa, M",https://lh6.googleusercontent.com/U1n4YXTVgfM-4J_U6s7TV58cNwCk-yntMfkUf07oPJ-YVKBSADz1u5VvlEYfs6ThMS-uOWXvU5cW_ccbmvZ1Ap2FC24DtoLueUiNXfspao-nR5poOvu8AXoZscKr8M6PAg,109 EPMSC Moniquira,"15",BOYACA,23352582463.939,1364539.911,2335258.246
"<img src=""https://lh5.googleusercontent.com/PUOvmzHo0fd1xMTTBljuVWLRQp6nV5uv5btCK0O3gcFoao-mK-dta9pHLLb9Nvv5fX_iuaUzi5AkpGJKcNsAa01WT-FCcnVu51YSU9xvInA8nr_qaDfNGMjoWYy4sJMh"" height=""200"" width=""auto"" /><br><br>Direcci?n: Calle 8 # 4-08, Ramiriqui (Boyac?",https://lh5.googleusercontent.com/PUOvmzHo0fd1xMTTBljuVWLRQp6nV5uv5btCK0O3gcFoao-mK-dta9pHLLb9Nvv5fX_iuaUzi5AkpGJKcNsAa01WT-FCcnVu51YSU9xvInA8nr_qaDfNGMjoWYy4sJMh,110 EPMS Ramiriqui,"15",BOYACA,23352582463.939,1364539.911,2335258.246
"<img src=""https://lh3.googleusercontent.com/Vp4pwemVJd_03qh4FTrFPUM0qpJRs5BXhLY2Q1lz-UDwkLJ7xNGM3Szb5gP-pR6PDh8xrMe5Bqxt9-vi3dPvCNzNmHXW1Nn3bUn2qJV-xeC5S32ReJhkO05xfVPkekjGFQ"" height=""200"" width=""auto"" /><br><br>Direcci?n: Cra 9? No 1?- 16 Sur. Barri? La",https://lh3.googleusercontent.com/Vp4pwemVJd_03qh4FTrFPUM0qpJRs5BXhLY2Q1lz-UDwkLJ7xNGM3Szb5gP-pR6PDh8xrMe5Bqxt9-vi3dPvCNzNmHXW1Nn3bUn2qJV-xeC5S32ReJhkO05xfVPkekjGFQ https://lh6.googleusercontent.com/eC8QlxGaCIEHuMQyS6SIEkYe-1lZKkkemAVivGBIK_dI2-OdLzwNIYb,112 EPMSC Sogamoso,"15",BOYACA,23352582463.939,1364539.911,2335258.246
"<img src=""https://lh6.googleusercontent.com/Vlzrbu2YM51Oc97T5JbhjTaxVe0RNRZXkALoVeskQYzu0ceB9DYn0DVZEnGzqugCTc4uyQCkUnOAgEvQU7cXNm6TzezgJMBVgxs2eqpfF7xziBPN0VgEhlh_PHOriIml"" height=""200"" width=""auto"" /><br><br>Direcci?n: Calle 31 # 2 ? 15 Este Barrio El",https://lh6.googleusercontent.com/Vlzrbu2YM51Oc97T5JbhjTaxVe0RNRZXkALoVeskQYzu0ceB9DYn0DVZEnGzqugCTc4uyQCkUnOAgEvQU7cXNm6TzezgJMBVgxs2eqpfF7xziBPN0VgEhlh_PHOriIml,149 EPMSC Tunja,"15",BOYACA,23352582463.939,1364539.911,2335258.246
"<img src=""https://lh3.googleusercontent.com/GwQmpBvYMcTHRBgO07yNK62cpkKcDz_DCHy_HJIaKmNB5lPuzpBr4IK9OQENsB_DDpHprQXtN3E2iJ9HbxJ3Bfw-dbQUxlFvgZKdHYDFnaq6Z6JTzbP_w4EmyUPzqDel"" height=""200"" width=""auto"" /><br><br>Direcci?n: Via Tunja Paipa Kilometro 8, Comb",https://lh3.googleusercontent.com/GwQmpBvYMcTHRBgO07yNK62cpkKcDz_DCHy_HJIaKmNB5lPuzpBr4IK9OQENsB_DDpHprQXtN3E2iJ9HbxJ3Bfw-dbQUxlFvgZKdHYDFnaq6Z6JTzbP_w4EmyUPzqDel,150 EPAMSCAS Combita,"15",BOYACA,23352582463.939,1364539.911,2335258.246
"<img src=""https://lh5.googleusercontent.com/Gx5CKwfeKkLSAMMbzD3kEhlc-y20-F8kMFiMr7741CJNhi5Q4f1mtfx0zy78-ddOdQFHrgzVJ3LRWA75Fyc4eLDlln3kmqGVSwQ1vrQnGhYMK6RXXrCgSzbK7L51pY5x"" height=""200"" width=""auto"" /><br><br>Direcci?n: Kilometro 1 Via Manzanares<br>Tel",https://lh5.googleusercontent.com/Gx5CKwfeKkLSAMMbzD3kEhlc-y20-F8kMFiMr7741CJNhi5Q4f1mtfx0zy78-ddOdQFHrgzVJ3LRWA75Fyc4eLDlln3kmqGVSwQ1vrQnGhYMK6RXXrCgSzbK7L51pY5x,608 EPMSC Pensilvania,"17",CALDAS,7558199875.556,603282.457,755819.988
"<img src=""https://lh4.googleusercontent.com/9KFCJoaE2yHi7AEVl_2R5ZV5ya5C9lBluceae5_ZP79no52sVVdnorb9FfSTM9TkkHnChCGM422FUnpEnaMBSsDTMZTi-WRX9WYQKIaa7nRSKA8BZWp6juE5SlKZtDQ"" height=""200"" width=""auto"" /><br><br>Direcci?n: V?a Panamericana Barrio Estambul<b",https://lh4.googleusercontent.com/9KFCJoaE2yHi7AEVl_2R5ZV5ya5C9lBluceae5_ZP79no52sVVdnorb9FfSTM9TkkHnChCGM422FUnpEnaMBSsDTMZTi-WRX9WYQKIaa7nRSKA8BZWp6juE5SlKZtDQ,601 EPMSC Manizales,"17",CALDAS,7558199875.556,603282.457,755819.988
"<img src=""https://lh5.googleusercontent.com/1syY55_Pu9s5OeE6HTTDETOFu0Vrfmo4iYnCusO2hK0D2CM4BkK0gvCD5UkgYJW6uvipZtvTXK0OCrfjyeUQJ0bq3_bethBb3zJvOt80ca6E2R8GByFSHVlYkCRUYhcg"" height=""200"" width=""auto"" /><br><br>Direcci?n: Calle 3 # 3 - 42 Anserma Caldas<b",https://lh5.googleusercontent.com/1syY55_Pu9s5OeE6HTTDETOFu0Vrfmo4iYnCusO2hK0D2CM4BkK0gvCD5UkgYJW6uvipZtvTXK0OCrfjyeUQJ0bq3_bethBb3zJvOt80ca6E2R8GByFSHVlYkCRUYhcg,602 EPMSC Anserma,"17",CALDAS,7558199875.556,603282.457,755819.988
"<img src=""https://lh4.googleusercontent.com/BhPHpHXwG29GLhem4Y2AHGJmE5W9Ub5f9i58y6S2j6eKVuLVah0Y2VKAoon9CvLPUx46Us4IYaVv3qcY-D8hn7fotCuFFoVX-TvZayBW0RRrYcODQnTJo4Oil5n2JyId"" height=""200"" width=""auto"" /><br><br>Direcci?n: Calle 4 # 8 - 20 Aguadas Caldas<b",https://lh4.googleusercontent.com/BhPHpHXwG29GLhem4Y2AHGJmE5W9Ub5f9i58y6S2j6eKVuLVah0Y2VKAoon9CvLPUx46Us4IYaVv3qcY-D8hn7fotCuFFoVX-TvZayBW0RRrYcODQnTJo4Oil5n2JyId,603 EPMSC Aguadas,"17",CALDAS,7558199875.556,603282.457,755819.988
"<img src=""https://lh5.googleusercontent.com/UZ2VgIdKY59Mt8YHdswIcQl1UZ62nzrvb9QVQpR3zdNIWH9eLAeMBM5HgXCh9eFzgiv4hDgyTQjQm51OyL4b_S5qJ6Xw8tHxapBK_i2Uh7Pbr4RmUax0mWiHRBIat-wI"" height=""200"" width=""auto"" /><br><br>Direcci?n: Salida A Salamina Sector La Marga",https://lh5.googleusercontent.com/UZ2VgIdKY59Mt8YHdswIcQl1UZ62nzrvb9QVQpR3zdNIWH9eLAeMBM5HgXCh9eFzgiv4hDgyTQjQm51OyL4b_S5qJ6Xw8tHxapBK_i2Uh7Pbr4RmUax0mWiHRBIat-wI,607 EPMSC Pacora,"17",CALDAS,7558199875.556,603282.457,755819.988
"<img src=""https://lh5.googleusercontent.com/4_3tqhq8McsTd0gto6sQvui76dAAKEcz9gPa-XSuHBKOSU8YbgvQOM7q-rUUcbePCsgJWVcC5v9hojOSii-pJ9gHCp1sbWjel3WnQO6BNtMwYX6DZ8a6EaBnghVChl9Q"" height=""200"" width=""auto"" /><br><br>Direcci?n: Calle 6 # 8-14 Riosucio Caldas<br",https://lh5.googleusercontent.com/4_3tqhq8McsTd0gto6sQvui76dAAKEcz9gPa-XSuHBKOSU8YbgvQOM7q-rUUcbePCsgJWVcC5v9hojOSii-pJ9gHCp1sbWjel3WnQO6BNtMwYX6DZ8a6EaBnghVChl9Q,609 EPMSC Riosucio,"17",CALDAS,7558199875.556,603282.457,755819.988
"<img src=""https://lh5.googleusercontent.com/Iqw1GtZpV13L-ElZCLmzQ__GbqOdGdhVmf8w70QHwTZNYr9N9DeAWP8TcU9y_WTS4agSt7V9UOq6bxq-XYN0pNCINf5j9SA33Ae4-6hpdnh4vxbKaNg5kDw9DQraujsDhQ"" height=""200"" width=""auto"" /><br><br>Direcci?n: Kilometro 1 Via San Felix Calda",https://lh5.googleusercontent.com/Iqw1GtZpV13L-ElZCLmzQ__GbqOdGdhVmf8w70QHwTZNYr9N9DeAWP8TcU9y_WTS4agSt7V9UOq6bxq-XYN0pNCINf5j9SA33Ae4-6hpdnh4vxbKaNg5kDw9DQraujsDhQ,610 EPMSC Salamina,"17",CALDAS,7558199875.556,603282.457,755819.988
"<img src=""https://lh6.googleusercontent.com/MY-vNXzpEOpM-4DWUWWKNoPsigjd3QeU0uToKFBL02rwG4T6sa_w-NlS0Z8USeIk8ionMPmRB6YxD1fI_zuJceNziLfiB2DvW62-XSmEMV4zeWkp2VpXdS58E_u01QEXqA"" height=""200"" width=""auto"" /><br><br>Direcci?n: Barrio Estambul Carretera Panam",https://lh6.googleusercontent.com/MY-vNXzpEOpM-4DWUWWKNoPsigjd3QeU0uToKFBL02rwG4T6sa_w-NlS0Z8USeIk8ionMPmRB6YxD1fI_zuJceNziLfiB2DvW62-XSmEMV4zeWkp2VpXdS58E_u01QEXqA,611 RM Manizales,"17",CALDAS,7558199875.556,603282.457,755819.988
"<img src=""https://lh6.googleusercontent.com/uouLrBlO68UOQ39yhbSwKp1AJAN3lje8mbLDc5NuCGN0JpYoTKs7hC9enO9mf7cnm42-JLJtLkqX7zk838m8fJdOOWkD3Gb159_D1S_WuYYlE6AURO_DDkgTN5QD9N7_"" height=""200"" width=""auto"" /><br><br>Direcci?n: Carrera 1? Barrio El Cunduy, Folr",https://lh6.googleusercontent.com/uouLrBlO68UOQ39yhbSwKp1AJAN3lje8mbLDc5NuCGN0JpYoTKs7hC9enO9mf7cnm42-JLJtLkqX7zk838m8fJdOOWkD3Gb159_D1S_WuYYlE6AURO_DDkgTN5QD9N7_,143 EPMSC Florencia,"18",CAQUETA,90180868828.821,1888506.901,9018086.883
"<img src=""https://lh3.googleusercontent.com/Ji1aV6QA0cczJZXyMUpDu7ACIclsKr-U8qPBQB2vzVrNeGtQDDs33rYwiuv03xEb7uR5s5e7FU9C-fS2y0c3DO3XbarYivTa7loddF_V81_WaEqLoyPSERtteWjnsMc"" height=""200"" width=""auto"" /><br><br>Direcci?n: Km. 1.5 De La Variante San Martin,",https://lh3.googleusercontent.com/Ji1aV6QA0cczJZXyMUpDu7ACIclsKr-U8qPBQB2vzVrNeGtQDDs33rYwiuv03xEb7uR5s5e7FU9C-fS2y0c3DO3XbarYivTa7loddF_V81_WaEqLoyPSERtteWjnsMc,157 EP Florencia Las Heliconias,"18",CAQUETA,90180868828.821,1888506.901,9018086.883
"<img src=""https://lh3.googleusercontent.com/SKA0LhWp1y2_UPUoVWV7SbUsMn-Grttnq_vr9xqiQ5B6GozHD_sgGM8flV-9I_dvvkzrZWbvgxlqnUvoz6BwSe8fy8xvNkLWigWiYLA9Q1vEg5gWzhIDSAGoP2PoLTI83A"" height=""200"" width=""auto"" /><br><br>Direcci?n: Calle 3 # 3-22 Bolivar - Cauca<",https://lh3.googleusercontent.com/SKA0LhWp1y2_UPUoVWV7SbUsMn-Grttnq_vr9xqiQ5B6GozHD_sgGM8flV-9I_dvvkzrZWbvgxlqnUvoz6BwSe8fy8xvNkLWigWiYLA9Q1vEg5gWzhIDSAGoP2PoLTI83A,202 EPMSC Bolivar,"19",CAUCA,29742787301.199,1243388.952,2974278.730
"<img src=""https://lh3.googleusercontent.com/LC8XmCJeBuyDzEW4NCJ5jlet7CzptxV6DlcK7bLyRVVHSzMs_FXav3zRtsV7jfDFasuU8AQ6fqINoMAtdn7-1kaFukOaZg9zqdZ_M3Il62-9oKuokGdODdnE02faGfBQcw"" height=""200"" width=""auto"" /><br><br>Direcci?n: Calle 14 # 3-21/31 Caloto, Cauc",https://lh3.googleusercontent.com/LC8XmCJeBuyDzEW4NCJ5jlet7CzptxV6DlcK7bLyRVVHSzMs_FXav3zRtsV7jfDFasuU8AQ6fqINoMAtdn7-1kaFukOaZg9zqdZ_M3Il62-9oKuokGdODdnE02faGfBQcw,203 EPMSC Caloto,"19",CAUCA,29742787301.199,1243388.952,2974278.730
"<img src=""https://lh6.googleusercontent.com/zEfqtBXbJ9dbn6YRxaNNWU36ex6PZQW4rdZsGEzmAvPPmpzyiQZR9u3EebXMmxTmyYCQWHi5kCNkUQQSyTu2axiKodhpdvspuIzz6F1se0Ma4PpVhleZrk7BvLwWR7Efdg"" height=""200"" width=""auto"" /><br><br>Direcci?n: Calle 2 # 7-25 El Bordo Cauca<b",https://lh6.googleusercontent.com/zEfqtBXbJ9dbn6YRxaNNWU36ex6PZQW4rdZsGEzmAvPPmpzyiQZR9u3EebXMmxTmyYCQWHi5kCNkUQQSyTu2axiKodhpdvspuIzz6F1se0Ma4PpVhleZrk7BvLwWR7Efdg,204 EPMSC El Bordo,"19",CAUCA,29742787301.199,1243388.952,2974278.730
"<img src=""https://lh5.googleusercontent.com/hrUDeIAUCx3BfyLcBpNfWOBOwwtnzthJwtpaypsfNmGsrjEgpmiM7QTdYiICaBP1EiFS6dZGna21RAWAvc2pfoqFBPfTNLPGFAqHWZwpSv3vAFWaRjMLY4rj2GdPGqg"" height=""200"" width=""auto"" /><br><br>Direcci?n: Calle 17 # 9-37 Puerto Tejada<br>T",https://lh5.googleusercontent.com/hrUDeIAUCx3BfyLcBpNfWOBOwwtnzthJwtpaypsfNmGsrjEgpmiM7QTdYiICaBP1EiFS6dZGna21RAWAvc2pfoqFBPfTNLPGFAqHWZwpSv3vAFWaRjMLY4rj2GdPGqg,206 EPMSC Puerto Tejada,"19",CAUCA,29742787301.199,1243388.952,2974278.730
"<img src=""https://lh3.googleusercontent.com/SYZkU1OvaiWFH_idsN1inocHentOexjezUVCqIsWxOkDXLkPwPmUKQ0EC2eu8hgG8ZCuE-leL2_DFNSnFdUwugCGycjJq6oLnGKPz3zE1VYZdGr4pGsAaLX3U-2zRIb3"" height=""200"" width=""auto"" /><br><br>Direcci?n: Calle 4 # 27-34 Barrio Morales Du",https://lh3.googleusercontent.com/SYZkU1OvaiWFH_idsN1inocHentOexjezUVCqIsWxOkDXLkPwPmUKQ0EC2eu8hgG8ZCuE-leL2_DFNSnFdUwugCGycjJq6oLnGKPz3zE1VYZdGr4pGsAaLX3U-2zRIb3,207 EPMSC Santander de Quilichao,"19",CAUCA,29742787301.199,1243388.952,2974278.730
"<img src=""https://lh3.googleusercontent.com/bUtbl7U4u4FNXhmpEnewg2HZK_umWdPma2CwPuUQdE8v8jN_9bTOS6VNrXMaUlighYIA1nnXRHlGoPSJ1mzKHeb0oNEHdAFakGUvraRzsPje05RZpPv7pvvaVo3kvaxq"" height=""200"" width=""auto"" /><br><br>Direcci?n: Carrera 3 # 4-52 Silvia<br>Tel: (",https://lh3.googleusercontent.com/bUtbl7U4u4FNXhmpEnewg2HZK_umWdPma2CwPuUQdE8v8jN_9bTOS6VNrXMaUlighYIA1nnXRHlGoPSJ1mzKHeb0oNEHdAFakGUvraRzsPje05RZpPv7pvvaVo3kvaxq https://lh3.googleusercontent.com/0LZm1WQQpg417EaMg2pwL1dBxg4yj1Mabh7dbF9BEbmD_WlzSbbzlFEmC,208 EPMSC Silvia,"19",CAUCA,29742787301.199,1243388.952,2974278.730
"<img src=""https://lh6.googleusercontent.com/GHqyCkgcY1Qa2y6CYNjQkVeoOGvboMnwRZf15RnkvqK_Km6aAOQZApg9OCP30eENIm5PJ1_RAxvmDcEkMa96-xLGRWPXTN-XLi4MplWlNSUqBkAnT9ErWbyiGDFkVwFW"" height=""200"" width=""auto"" /><br><br>Direcci?n: Carrera 3 # 16-11 Barrio Alfonso",https://lh6.googleusercontent.com/GHqyCkgcY1Qa2y6CYNjQkVeoOGvboMnwRZf15RnkvqK_Km6aAOQZApg9OCP30eENIm5PJ1_RAxvmDcEkMa96-xLGRWPXTN-XLi4MplWlNSUqBkAnT9ErWbyiGDFkVwFW,209 RM Popayan,"19",CAUCA,29742787301.199,1243388.952,2974278.730
"<img src=""https://lh4.googleusercontent.com/ekeV-iRMklJ8LaeeZf03sjdG7OkThgC8JISe-COCRiDUsRiDVj6_4TFU55vzPIvFtC5aZXTpOCwpcm20d_Uv7_OKhZ2xtuOjaLmQX3d3QM3um3xVdQ9Eh9cm2HjQuxzdqA"" height=""200"" width=""auto"" /><br><br>Direcci?n: Kilometro Tres (3) Via Vereda L",https://lh4.googleusercontent.com/ekeV-iRMklJ8LaeeZf03sjdG7OkThgC8JISe-COCRiDUsRiDVj6_4TFU55vzPIvFtC5aZXTpOCwpcm20d_Uv7_OKhZ2xtuOjaLmQX3d3QM3um3xVdQ9Eh9cm2HjQuxzdqA,235 EPAMSCAS Popayan,"19",CAUCA,29742787301.199,1243388.952,2974278.730
"<img src=""https://lh6.googleusercontent.com/sKAqHUYxzxGYcBac7z1p7pxsk1NfOWZ228tCHPlMlfRRuxdNY8pbKz4xj9gx4eEoCbq0eEBpBFh3fkiA7o9cifG9WHNd77A41W8Z2b4nxrSwf9WGa4j_g4_xhPFR_5Ux"" height=""200"" width=""auto"" /><br><br>Direcci?n: Carrera 19 A # 18-79 Valledupar<b",https://lh6.googleusercontent.com/sKAqHUYxzxGYcBac7z1p7pxsk1NfOWZ228tCHPlMlfRRuxdNY8pbKz4xj9gx4eEoCbq0eEBpBFh3fkiA7o9cifG9WHNd77A41W8Z2b4nxrSwf9WGa4j_g4_xhPFR_5Ux,307 EPMSC Valledupar,"20",CESAR,22973095679.788,1080343.678,2297309.568
"<img src=""https://lh6.googleusercontent.com/PwwT27PH0ydtaXutgMBZVNttp79DHdXF9y4kQFSrwZz7uRybWHdReItZ2VIiODYY_1se4SJd5KkidlH6BZ4Qaj8zTPbFdgg22-wgQ9WfUbL8Hok6y-E2NA73uUpaLJTINg"" height=""200"" width=""auto"" /><br><br>Direcci?n: kilometro 3.5 via la mesa<br>Te",https://lh6.googleusercontent.com/PwwT27PH0ydtaXutgMBZVNttp79DHdXF9y4kQFSrwZz7uRybWHdReItZ2VIiODYY_1se4SJd5KkidlH6BZ4Qaj8zTPbFdgg22-wgQ9WfUbL8Hok6y-E2NA73uUpaLJTINg,323 EPAMSCAS Valledupar,"20",CESAR,22973095679.788,1080343.678,2297309.568
"<img src=""https://lh3.googleusercontent.com/jyZPGFPHjx78JJvv-nCljOqmtA0dQeu8Q8tPab6mhshlX4hE1VyOXIbDNKeuer_ybyH-7HRRQ9jo3RZ5DTWe7GWKuawvyQN3a10RxdNsVLy2uoELO_Wz4g93rNpprFA"" height=""200"" width=""auto"" /><br><br>Direcci?n: Calle 10 No.8-90, Aguachica (Cesar",https://lh3.googleusercontent.com/jyZPGFPHjx78JJvv-nCljOqmtA0dQeu8Q8tPab6mhshlX4hE1VyOXIbDNKeuer_ybyH-7HRRQ9jo3RZ5DTWe7GWKuawvyQN3a10RxdNsVLy2uoELO_Wz4g93rNpprFA,405 EPMSC Aguachica,"20",CESAR,22973095679.788,1080343.678,2297309.568
"<img src=""https://lh4.googleusercontent.com/proxy/x8Y-7nci5SO2iqK0OSVbIt9V0PfrDgiuvz1CY74AudvBuAcf8P2vrFIVI_OvpzK7sQF3Jxj5aG0pMC59b6M3EsWYEt-fo0w-goJNgd_PqH5geGhL7Tekg1tFlnmNMBOw3IAj-XzcbaYx4VNZmPbhJEDpU7JIzWe-6n1zX2RQAXbRpW-6NZM"" height=""200"" width=""aut",https://lh4.googleusercontent.com/proxy/x8Y-7nci5SO2iqK0OSVbIt9V0PfrDgiuvz1CY74AudvBuAcf8P2vrFIVI_OvpzK7sQF3Jxj5aG0pMC59b6M3EsWYEt-fo0w-goJNgd_PqH5geGhL7Tekg1tFlnmNMBOw3IAj-XzcbaYx4VNZmPbhJEDpU7JIzWe-6n1zX2RQAXbRpW-6NZM,9019 EJUPA BAS10 Valledupar,"20",CESAR,22973095679.788,1080343.678,2297309.568
"<img src=""https://lh3.googleusercontent.com/Nwg47xw1fxs9XstJd0HzxFCyoBcY3KVtjGre_9JFvL0yUWGjHU_QUaNnchWiUr7HJICTUr-XvuIg2p3WWh8IgLgTL-gVjp9AqPyli1i3ktyTeFqsQ5dbh-QWmAjvQFIs"" height=""200"" width=""auto"" /><br><br>Direcci?n: Calle 39 A # 18-29 Monteria<br>Te",https://lh3.googleusercontent.com/Nwg47xw1fxs9XstJd0HzxFCyoBcY3KVtjGre_9JFvL0yUWGjHU_QUaNnchWiUr7HJICTUr-XvuIg2p3WWh8IgLgTL-gVjp9AqPyli1i3ktyTeFqsQ5dbh-QWmAjvQFIs,308 EPMSC Monteria,"23",CORDOBA,25059485605.512,814093.372,2505948.561
"<img src=""https://lh3.googleusercontent.com/c8GwZ2yVosnoO7zdVDd2NHiTR72qKXU8VjFNZMSy5OJdoN8884eGqUlBs7XcSjEawaifOZv1Iqy75mV8b9KtdF2A_KrRNOwwoP-eCcXxrExJai4YZsXqtXTQzx0ueWk"" height=""200"" width=""auto"" /><br><br>Direcci?n: Santa Ana A 25 Kil?metros De La Ca",https://lh3.googleusercontent.com/c8GwZ2yVosnoO7zdVDd2NHiTR72qKXU8VjFNZMSy5OJdoN8884eGqUlBs7XcSjEawaifOZv1Iqy75mV8b9KtdF2A_KrRNOwwoP-eCcXxrExJai4YZsXqtXTQzx0ueWk,324 EPMSC Tierralta,"23",CORDOBA,25059485605.512,814093.372,2505948.561
"<img src=""https://lh3.googleusercontent.com/GSfv8dEM3TSJRZh6jG7Mp42_FRF6W51sxaBsRoddSQZ_WK6Igao5eUdzdLEoijZ0Kb71lQ3uKQntRwl6JAD-RvIRZU-hx2Mz7z8BkzYn9hXWRnpx4ediXbKXqtdAFj5Jew"" height=""200"" width=""auto"" /><br><br>Direcci?n: Palacio Municipal Piso 1, Caque",https://lh3.googleusercontent.com/GSfv8dEM3TSJRZh6jG7Mp42_FRF6W51sxaBsRoddSQZ_WK6Igao5eUdzdLEoijZ0Kb71lQ3uKQntRwl6JAD-RvIRZU-hx2Mz7z8BkzYn9hXWRnpx4ediXbKXqtdAFj5Jew https://lh5.googleusercontent.com/jvoGQ9skIRDZ8-AOC6Q9bDb6CLUmDrtnX1iwH5U7j-gVF4ZgduaHF_f,116 EPMSC Caqueza,"25",CUNDINAMARCA,22800258637.523,1164175.024,2280025.864
"<img src=""https://lh5.googleusercontent.com/yEZ89SMrb_uNtx_xlAtdrz2MGBwVRpvdt6y4wWuuKkjT6W5kUp9qplQ8tSpzXFZPFBrJaaewpwOj98yNqWBVfCAutckGKeShHjDEmchAqQYjvInivXQC78E-3FlPccTV3A"" height=""200"" width=""auto"" /><br><br>Direcci?n: Carrera 5 No. 5 ? 31, Choconta",https://lh5.googleusercontent.com/yEZ89SMrb_uNtx_xlAtdrz2MGBwVRpvdt6y4wWuuKkjT6W5kUp9qplQ8tSpzXFZPFBrJaaewpwOj98yNqWBVfCAutckGKeShHjDEmchAqQYjvInivXQC78E-3FlPccTV3A,117 EPMSC Choconta,"25",CUNDINAMARCA,22800258637.523,1164175.024,2280025.864
"<img src=""https://lh4.googleusercontent.com/YZOZU-auqYU3vQIooSFUaLzT88guo2Tg6dCQmwd5YTQty9lTLfu7POF2OC_BrjNbntnXYpV9nEwty23selkKJIQA8bEf4pw5MLX4GJCPd7E9cYQc4nK_Yn4pgfLMZXKpXA"" height=""200"" width=""auto"" /><br><br>Direcci?n: Cra. 8 No. 7-51 Fusagasuga (Cun",https://lh4.googleusercontent.com/YZOZU-auqYU3vQIooSFUaLzT88guo2Tg6dCQmwd5YTQty9lTLfu7POF2OC_BrjNbntnXYpV9nEwty23selkKJIQA8bEf4pw5MLX4GJCPd7E9cYQc4nK_Yn4pgfLMZXKpXA https://lh4.googleusercontent.com/5102hpjHOs2jvWogWr3qoR7WdrnLRp6IF8tX94tl6acHYWmvH-HiLtv,119 EPMSC Fusagasuga,"25",CUNDINAMARCA,22800258637.523,1164175.024,2280025.864
"<img src=""https://lh3.googleusercontent.com/rV_DQOLcI3K9LmV2aP-fsifJBLdYl43aG4Gm4kwy9P3MdBjBGl107FHEw-Vp593WiRwEhJMboXs4BbsrJlWjayKm35PBvhMDWpUzDXPnh-DPtHkn35MPU9UtlZCvYl6j"" height=""200"" width=""auto"" /><br><br>Direcci?n: Calle 5 # 4 ? 19, Gacheta (Cundin",https://lh3.googleusercontent.com/rV_DQOLcI3K9LmV2aP-fsifJBLdYl43aG4Gm4kwy9P3MdBjBGl107FHEw-Vp593WiRwEhJMboXs4BbsrJlWjayKm35PBvhMDWpUzDXPnh-DPtHkn35MPU9UtlZCvYl6j https://lh5.googleusercontent.com/sJVDsUs7T7jfIH1kcUy5LuKcis66uCLHVpvYOrSs4mKRlHVrTEyKxYb8D,120 EPMSC Gacheta,"25",CUNDINAMARCA,22800258637.523,1164175.024,2280025.864
"<img src=""https://lh3.googleusercontent.com/9VjxZRNCYO4pHcwoFANtKx_KbqNm5ajONyKbV8C3fBaqR9-W0KZy6AVYTonwuqUKVU4vg8a3eBPFqNeb8sj7VNm7ISQIH6pKm8ifACD9E_sG4bosP4RAMylJtfJfq79N"" height=""200"" width=""auto"" /><br><br>Direcci?n: Carrera 21 #8-46, La Mesa, (Cundi",https://lh3.googleusercontent.com/9VjxZRNCYO4pHcwoFANtKx_KbqNm5ajONyKbV8C3fBaqR9-W0KZy6AVYTonwuqUKVU4vg8a3eBPFqNeb8sj7VNm7ISQIH6pKm8ifACD9E_sG4bosP4RAMylJtfJfq79N,124 EPMSC La Mesa,"25",CUNDINAMARCA,22800258637.523,1164175.024,2280025.864
"<img src=""https://lh5.googleusercontent.com/BZOMcx3UfmqmtrV8FHP3WJNPChjg5kglc44ve1cI_nBE2-IV35BjefuBZB2r7t2-w5DDvEfJrR641imA_tXc7Cy7RZueJ6TXJHoCfg9p1ZwhzPWTDYy32YOuwruH9WQOvQ"" height=""200"" width=""auto"" /><br><br>Direcci?n: Carrera 7 N? 6 ? 41 Casa, Ubate",https://lh5.googleusercontent.com/BZOMcx3UfmqmtrV8FHP3WJNPChjg5kglc44ve1cI_nBE2-IV35BjefuBZB2r7t2-w5DDvEfJrR641imA_tXc7Cy7RZueJ6TXJHoCfg9p1ZwhzPWTDYy32YOuwruH9WQOvQ,126 EPMSC Ubate,"25",CUNDINAMARCA,22800258637.523,1164175.024,2280025.864
"<img src=""https://lh4.googleusercontent.com/-QZMzmRTX-9yOx9Jj_Sy9TY0XechZ5cDXE1pyQE_P_VgY98AupOu8Lt1KOPrNYi9HUG2jOXYeICW0Gic4sskWXqN9aK4jzmbpm0iAcjugxrBYz7fdd6E7G6lcJqtfxTJAA"" height=""200"" width=""auto"" /><br><br>Direcci?n: Carrera 6 N? 3-160, Villeta (Cu",https://lh4.googleusercontent.com/-QZMzmRTX-9yOx9Jj_Sy9TY0XechZ5cDXE1pyQE_P_VgY98AupOu8Lt1KOPrNYi9HUG2jOXYeICW0Gic4sskWXqN9aK4jzmbpm0iAcjugxrBYz7fdd6E7G6lcJqtfxTJAA,127 EPMSC Villeta,"25",CUNDINAMARCA,22800258637.523,1164175.024,2280025.864
"<img src=""https://lh5.googleusercontent.com/d4tfGi-LaLIzX-xkfJ7O1xkl202BOdniq1rWfPj4Z6S214gAqshZZCkvVVjyPFPrT0ojMVN_cnxLVf5XNeGKarWcrnluLLtNDtSNPKS6xdlOQv2_mO4VDJJU_MCS1vKA"" height=""200"" width=""auto"" /><br><br>Direcci?n: Calle 7 #7-48, Zipaquira (Cundina",https://lh5.googleusercontent.com/d4tfGi-LaLIzX-xkfJ7O1xkl202BOdniq1rWfPj4Z6S214gAqshZZCkvVVjyPFPrT0ojMVN_cnxLVf5XNeGKarWcrnluLLtNDtSNPKS6xdlOQv2_mO4VDJJU_MCS1vKA,128 EPMSC Zipaquira,"25",CUNDINAMARCA,22800258637.523,1164175.024,2280025.864
"<img src=""https://lh3.googleusercontent.com/o0paLyyU1z441UwEcwK9DugCA95oGF5GS-mTlEGBfgYmzq-8DrVTDQz1wmLC9q8Ui8AtHkoA8tscM4NYVHCqhRUIm9IzWsmq2-SY424vgiJYYbdrGUn0ndSOQxfQOg"" height=""200"" width=""auto"" /><br><br>Direcci?n: Calle 38 #3-28 Barrio el diamante,",https://lh3.googleusercontent.com/o0paLyyU1z441UwEcwK9DugCA95oGF5GS-mTlEGBfgYmzq-8DrVTDQz1wmLC9q8Ui8AtHkoA8tscM4NYVHCqhRUIm9IzWsmq2-SY424vgiJYYbdrGUn0ndSOQxfQOg,138 EPMSC Girardot,"25",CUNDINAMARCA,22800258637.523,1164175.024,2280025.864
"<img src=""https://lh5.googleusercontent.com/d3RylmIAizq32qYVZ87sEo6cZQisfO5F15qxOIHW3aLbzHXt6DdoYEvEaDSj12-2aNRvI9bMIPeySBJFss55TyaOMClZh38sdob4tPdn7yfUIJ34s6KpnLUgbSJoo4Tc"" height=""200"" width=""auto"" /><br><br>Direcci?n: Km 3.5 V?a Cambao - Finca La Espe",https://lh5.googleusercontent.com/d3RylmIAizq32qYVZ87sEo6cZQisfO5F15qxOIHW3aLbzHXt6DdoYEvEaDSj12-2aNRvI9bMIPeySBJFss55TyaOMClZh38sdob4tPdn7yfUIJ34s6KpnLUgbSJoo4Tc,156 EP Guaduas La Esperanza,"25",CUNDINAMARCA,22800258637.523,1164175.024,2280025.864
"<img src=""https://lh5.googleusercontent.com/aNnT0fZKjHiyrEPOgs8AsO0nFqpDL8cs31Lm678vTOqJ9ssi9QRVFFnmM2zzuG8PKy6QYOGxFKp4vqsekGMFaMUCdLVzgw8kw44EP3w8_PlneZh8tSSiKVVntI_nspRR"" height=""200"" width=""auto"" /><br><br>Direcci?n: Via La Dorada Barrio Caracoli<br>",https://lh5.googleusercontent.com/aNnT0fZKjHiyrEPOgs8AsO0nFqpDL8cs31Lm678vTOqJ9ssi9QRVFFnmM2zzuG8PKy6QYOGxFKp4vqsekGMFaMUCdLVzgw8kw44EP3w8_PlneZh8tSSiKVVntI_nspRR,628 EPMSC Honda,"25",CUNDINAMARCA,22800258637.523,1164175.024,2280025.864
"<img src=""https://lh6.googleusercontent.com/KzQlI5ksSiVLelyGVcKSg6VbVhm4VRgujek9Xsn831NRN10Q5KCxWWwZA6r4kDYR6mDqOqZwC-5BNSxnef64UC2OCfvti_TnyU_QYl0JDsK1kYoXL7N25yqFgIVwTdez"" height=""200"" width=""auto"" /><br><br>Direcci?n: Barrio Las Ferias Dorada - Caldas",https://lh6.googleusercontent.com/KzQlI5ksSiVLelyGVcKSg6VbVhm4VRgujek9Xsn831NRN10Q5KCxWWwZA6r4kDYR6mDqOqZwC-5BNSxnef64UC2OCfvti_TnyU_QYl0JDsK1kYoXL7N25yqFgIVwTdez,637 EPAMS La Dorada,"25",CUNDINAMARCA,22800258637.523,1164175.024,2280025.864
"<img src=""https://lh5.googleusercontent.com/kXsjytKgSya9kXcuLXrw34xSEqL92lckjpUnVaWD14xcsw-o8gcVHdvKBZdp2FRNiefYPHh_i4eMHuHn3zT1M-oBdSeAHlhyWiHZvy177vW2WX42zqXalEavIaZb3QPc"" height=""200"" width=""auto"" /><br><br>Direcci?n: Via Siberia Mosquera Km 3, Funza",https://lh5.googleusercontent.com/kXsjytKgSya9kXcuLXrw34xSEqL92lckjpUnVaWD14xcsw-o8gcVHdvKBZdp2FRNiefYPHh_i4eMHuHn3zT1M-oBdSeAHlhyWiHZvy177vW2WX42zqXalEavIaZb3QPc https://lh5.googleusercontent.com/fan0M_dxlIh9_RXzfyHmC7GBZnaO_KWLgMDyhx_7c_PR55XlEk1A2yg--,8400 Escuela De Formaci?n,"25",CUNDINAMARCA,22800258637.523,1164175.024,2280025.864
"<img src=""https://lh4.googleusercontent.com/proxy/Ve5DVei1XIHy54ZDzvX892wyiO9acRLr7vmts2aA1qxH6opvXd38uyga0MxBQfkgl1_FKoQ2O1f2rZkzuVgldDzNWWEmciNS5DFH3twxQZWQWLpPrrU5GOYc0wfxtpTFqQcGhbrYgcaDnl802zLfJ_qCg21pAN7fP6-EY16p2OwbSXBk_OQ"" height=""200"" width=""aut",https://lh4.googleusercontent.com/proxy/Ve5DVei1XIHy54ZDzvX892wyiO9acRLr7vmts2aA1qxH6opvXd38uyga0MxBQfkgl1_FKoQ2O1f2rZkzuVgldDzNWWEmciNS5DFH3twxQZWQWLpPrrU5GOYc0wfxtpTFqQcGhbrYgcaDnl802zLfJ_qCg21pAN7fP6-EY16p2OwbSXBk_OQ,9001 POFAC Facatativa,"25",CUNDINAMARCA,22800258637.523,1164175.024,2280025.864
"<img src=""https://lh5.googleusercontent.com/proxy/twovzBr0SDo-fE00V4sHs0pZ3JPdm8fcUngv_e2mCh1bJ8NDZ_yR0m98JMC9GoorY3cQcZwP83JUmejTjjoED4t4SCNclVWoOnf5ThvX6PFYPOf0WOoF2JjvLGn_S_OiKJYK0HhmlkIVWxFlImqte6q9yWXEGZG3Rj6x_s8eNZAjC3d-wtY"" height=""200"" width=""aut",https://lh5.googleusercontent.com/proxy/twovzBr0SDo-fE00V4sHs0pZ3JPdm8fcUngv_e2mCh1bJ8NDZ_yR0m98JMC9GoorY3cQcZwP83JUmejTjjoED4t4SCNclVWoOnf5ThvX6PFYPOf0WOoF2JjvLGn_S_OiKJYK0HhmlkIVWxFlImqte6q9yWXEGZG3Rj6x_s8eNZAjC3d-wtY,9016 EJECO BACOM01 Facatativa,"25",CUNDINAMARCA,22800258637.523,1164175.024,2280025.864
"<img src=""https://lh3.googleusercontent.com/wn9bccJLOur7mMU6HXDBKX_LBBsVa2b8VIPobK_X8PzxojxdJKKxiLC33wKhd9xdPKR9JQ7UhRnRZo9yQSGCpV1hrPVkPOJ9qowREpPCsAZ70IltmL3hLtH4Lxn5v2MX"" height=""200"" width=""auto"" /><br><br>Direcci?n: Calle 26 # 8-35<br>Tel: (094) 671",https://lh3.googleusercontent.com/wn9bccJLOur7mMU6HXDBKX_LBBsVa2b8VIPobK_X8PzxojxdJKKxiLC33wKhd9xdPKR9JQ7UhRnRZo9yQSGCpV1hrPVkPOJ9qowREpPCsAZ70IltmL3hLtH4Lxn5v2MX,530 EPMSC Quibdo,"27",CHOCO,46838522629.870,1797897.873,4683852.263
"<img src=""https://lh6.googleusercontent.com/9hajLfSTo5qZb5xdtdiRatzIkXwRNftM4MtfHHqG3NcDfLbRZ45hKxp8WSsnDXdE5ICT_sysTH8-eBGPraqvyTlnn-MkvQzGYlKwbrqathtR5m1OpSTjTdZq8dp9x4yR"" height=""200"" width=""auto"" /><br><br>Direcci?n: Cra 7 # 12-36 B\ San francisco<br",https://lh6.googleusercontent.com/9hajLfSTo5qZb5xdtdiRatzIkXwRNftM4MtfHHqG3NcDfLbRZ45hKxp8WSsnDXdE5ICT_sysTH8-eBGPraqvyTlnn-MkvQzGYlKwbrqathtR5m1OpSTjTdZq8dp9x4yR,533 EPMSC Itsmina,"27",CHOCO,46838522629.870,1797897.873,4683852.263
"<img src=""https://lh5.googleusercontent.com/f4FuDTNYOszMZYs-_KEuL7dFcoJQfcWIbked-pTqwfHm4tk0bkAfJOHqZ-sX-C7l_sCk52dyKh4a3pSMquUzYSXOkn4xkLRka6fBo8xgQOzT--aUoxUkN0Vk7rONSqa3"" height=""200"" width=""auto"" /><br><br>Direcci?n: Kilometro 15 Via Al Sur<br>Tel: (",https://lh5.googleusercontent.com/f4FuDTNYOszMZYs-_KEuL7dFcoJQfcWIbked-pTqwfHm4tk0bkAfJOHqZ-sX-C7l_sCk52dyKh4a3pSMquUzYSXOkn4xkLRka6fBo8xgQOzT--aUoxUkN0Vk7rONSqa3,139 EPMSC Neiva,"41",HUILA,20318702519.012,929144.166,2031870.252
"<img src=""https://lh5.googleusercontent.com/2uAZuENdstVtNN5gvsimmBr_KKJ8_Tz4_qG2a-Ae9jV7v284Azw0itSuT1AOKczcgE-aPvJ5pHFuw6X3ci_DSkDZKjd7QI9OxIC-Auur1xSwRnInuMFfHb8ouMFPg43W"" height=""200"" width=""auto"" /><br><br>Direcci?n: Calle 3 N. 18?-19 Barrio Aguazul,",https://lh5.googleusercontent.com/2uAZuENdstVtNN5gvsimmBr_KKJ8_Tz4_qG2a-Ae9jV7v284Azw0itSuT1AOKczcgE-aPvJ5pHFuw6X3ci_DSkDZKjd7QI9OxIC-Auur1xSwRnInuMFfHb8ouMFPg43W,140 EPMSC Garzon,"41",HUILA,20318702519.012,929144.166,2031870.252
"<img src=""https://lh5.googleusercontent.com/1Nj7l0AOP0MzCeebE802NFWLYVM7Rp7HaVpbiViiSb8Y8C4n_xRKaPGr9koMXLeOBnBAU35fnSjdIAGFoN4MPJ3ogA6vmlxNM9o39U3Iylpm8dym-pNv1Ws7kN7ATcMN"" height=""200"" width=""auto"" /><br><br>Direcci?n: Kilometro 1 Salida A Neiva, La Pl",https://lh5.googleusercontent.com/1Nj7l0AOP0MzCeebE802NFWLYVM7Rp7HaVpbiViiSb8Y8C4n_xRKaPGr9koMXLeOBnBAU35fnSjdIAGFoN4MPJ3ogA6vmlxNM9o39U3Iylpm8dym-pNv1Ws7kN7ATcMN https://lh6.googleusercontent.com/JNxzp6KGbfP5k7_9ln3BWmP7xFUueByF9TXmUoJPE7_JWfau3231T0W_z,141 EPMSC La Plata,"41",HUILA,20318702519.012,929144.166,2031870.252
"<img src=""https://lh6.googleusercontent.com/3cqXaSmNuGdLpZdQfMMmxftuBhIYwxMYkdtVoOXYTHeqfISzu-mr7H9EaS29_B-JGJc-rknqpKX5NMjvQoNAzy8HXXa0RBy7vuo_8nfG2HrOMt1rerVHY4oEtr_5BBYs"" height=""200"" width=""auto"" /><br><br>Direcci?n: Calle 19 Sur No. 6-180, Pitalito",https://lh6.googleusercontent.com/3cqXaSmNuGdLpZdQfMMmxftuBhIYwxMYkdtVoOXYTHeqfISzu-mr7H9EaS29_B-JGJc-rknqpKX5NMjvQoNAzy8HXXa0RBy7vuo_8nfG2HrOMt1rerVHY4oEtr_5BBYs,142 EPMSC Pitalito,"41",HUILA,20318702519.012,929144.166,2031870.252
"<img src=""https://lh5.googleusercontent.com/4WIyZhlfUEn649lz6OV0271PTIYIGM5wrKOe-DBevXCzNRrxSbws05-T1JOSroLb0SWaLQG1Dd7zmCxlnS6iw6NuM2cMoLKLj6iMZWQq77poiBxqvnXG24T4n3yjv4hgIA"" height=""200"" width=""auto"" /><br><br>Direcci?n: Carrera 9 # 17-11 Rioacha<br>Te",https://lh5.googleusercontent.com/4WIyZhlfUEn649lz6OV0271PTIYIGM5wrKOe-DBevXCzNRrxSbws05-T1JOSroLb0SWaLQG1Dd7zmCxlnS6iw6NuM2cMoLKLj6iMZWQq77poiBxqvnXG24T4n3yjv4hgIA,313 EPMSC Riohacha,"44",LA GUAJIRA,21012349660.450,936598.020,2101234.966
"<img src=""https://lh4.googleusercontent.com/8wqqtRvMIutUeSTNC1mjerujLRZbFvkA41J9W8S6-7AIM3eY9RhR295WlZY_l_mgTdtsubInZg1-7t-toSVhVkJNiWGW-8O0-Dusa_yW-QrWU0lMw7fmjC4qJoyi7uwu"" height=""200"" width=""auto"" /><br><br>Direcci?n: Carrera 58 # 72-76 Barranquilla		",https://lh4.googleusercontent.com/8wqqtRvMIutUeSTNC1mjerujLRZbFvkA41J9W8S6-7AIM3eY9RhR295WlZY_l_mgTdtsubInZg1-7t-toSVhVkJNiWGW-8O0-Dusa_yW-QrWU0lMw7fmjC4qJoyi7uwu,300 Regional Norte,"47",MAGDALENA,22846394629.859,916642.470,2284639.463
"<img src=""https://lh5.googleusercontent.com/VL_WXmR7tJTrWhZ13y5mMAjnLqF6WIOhKYKbWvzlpsv6ZD1kqsChqpTJRWuObhKX4hm9yA1--jSPe9eLEpeZ0V8AFINYhvZmHV_-ZeqkzKoXxtjo39CZD0qOtzsMsrE3"" height=""200"" width=""auto"" /><br><br>Direcci?n: Via 40 # 54-332 Barranquilla<br>T",https://lh5.googleusercontent.com/VL_WXmR7tJTrWhZ13y5mMAjnLqF6WIOhKYKbWvzlpsv6ZD1kqsChqpTJRWuObhKX4hm9yA1--jSPe9eLEpeZ0V8AFINYhvZmHV_-ZeqkzKoXxtjo39CZD0qOtzsMsrE3,301 EC Barranquilla,"47",MAGDALENA,22846394629.859,916642.470,2284639.463
"<img src=""https://lh3.googleusercontent.com/WptNKeJD6PrfKm748EPuS4j5eUN5zJTlU30gfyOfLS9Ki9K0I0VKqU8NFkkbxMoMJFU5sBKH4KjX_PcWzySsUXX24aW0_TMAuE9suatWdTWC_UZPqAqNWOnIKq-YXcFX9Q"" height=""200"" width=""auto"" /><br><br>Direcci?n: Calle 24 Carrera 17 Santa Marta",https://lh3.googleusercontent.com/WptNKeJD6PrfKm748EPuS4j5eUN5zJTlU30gfyOfLS9Ki9K0I0VKqU8NFkkbxMoMJFU5sBKH4KjX_PcWzySsUXX24aW0_TMAuE9suatWdTWC_UZPqAqNWOnIKq-YXcFX9Q,314 EPMSC Santa Marta,"47",MAGDALENA,22846394629.859,916642.470,2284639.463
"<img src=""https://lh4.googleusercontent.com/jGjd2qjJJcwtyL-PPpJZZXNmM9IzoZ86PVrOXZaVPWgyjCKpc9l6ilpL8S_Gjwiprt8F4rhJ2o4IkMC6_niFnv6VCsYdMWNd1flq7GvOHn9Bs31OCHvETc9MrjNbsKetLQ"" height=""200"" width=""auto"" /><br><br>Direcci?n: kilometro 2 via guamal magdalen",https://lh4.googleusercontent.com/jGjd2qjJJcwtyL-PPpJZZXNmM9IzoZ86PVrOXZaVPWgyjCKpc9l6ilpL8S_Gjwiprt8F4rhJ2o4IkMC6_niFnv6VCsYdMWNd1flq7GvOHn9Bs31OCHvETc9MrjNbsKetLQ,316 EPMSC El Banco,"47",MAGDALENA,22846394629.859,916642.470,2284639.463
"<img src=""https://lh6.googleusercontent.com/hbN-PPUjc_1ri5kRhTGTP8iT-7U_R7MVPHRQ6Sgbb6QZueumnOT6kjTUzMnH13ce_OwcwT-8mvGB9uFFftvCl6qBP1njTVwNjGQq_SGpdB_k3ZuUckJTTj7zymrevUKYcQ"" height=""200"" width=""auto"" /><br><br>Direcci?n: Kilometro 3 Via Acacias - Villa",https://lh6.googleusercontent.com/hbN-PPUjc_1ri5kRhTGTP8iT-7U_R7MVPHRQ6Sgbb6QZueumnOT6kjTUzMnH13ce_OwcwT-8mvGB9uFFftvCl6qBP1njTVwNjGQq_SGpdB_k3ZuUckJTTj7zymrevUKYcQ,130 CAMIS Acacias,"50",META,85389685783.838,1680541.812,8538968.578
"<img src=""https://lh6.googleusercontent.com/kb8M5CaUG0zM2LM8QI8MNwdXhygMSVchp6yBzBdJbUQjauYQiK0fqeJpspxLGGjRlUtLnZWukf8lADEi3bJx8aNTPZh9boyA_B-cBkUdUOaOtPxa4dwsdatOoir7a4MD"" height=""200"" width=""auto"" /><br><br>Direcci?n: Transversal 26 # 22A-24, Villavic",https://lh6.googleusercontent.com/kb8M5CaUG0zM2LM8QI8MNwdXhygMSVchp6yBzBdJbUQjauYQiK0fqeJpspxLGGjRlUtLnZWukf8lADEi3bJx8aNTPZh9boyA_B-cBkUdUOaOtPxa4dwsdatOoir7a4MD,131 EPMSC Villavicencio,"50",META,85389685783.838,1680541.812,8538968.578
"<img src=""https://lh5.googleusercontent.com/0QDabmVOSDUReITgC2VDDEFxdxbjEQMXSlLGSTNW9T9vDWomrYhx0ePS3dX6A5hn9JKYRngNIDIT2izU3Z4Z6qpimIDWFTo6V0ZeJEDRWYyJOD-jEjmmA5H-f7y599s"" height=""200"" width=""auto"" /><br><br>Direcci?n: Carrera 14 #14-31, Granada (Meta)<",https://lh5.googleusercontent.com/0QDabmVOSDUReITgC2VDDEFxdxbjEQMXSlLGSTNW9T9vDWomrYhx0ePS3dX6A5hn9JKYRngNIDIT2izU3Z4Z6qpimIDWFTo6V0ZeJEDRWYyJOD-jEjmmA5H-f7y599s,133 EPMSC Granada,"50",META,85389685783.838,1680541.812,8538968.578
"<img src=""https://lh6.googleusercontent.com/A1ZG6FeA2pQVG61Y3yNmcGXTUqp_dcn2AJCIayxO6JvbtbpNafHMxz6TKsFt-ZBXkHIOwWQu0oD6Gumqmm6_cDYibqWi5DXiNAfr4UszttfRb3h0cIw8jxQhqrROjjZO"" height=""200"" width=""auto"" /><br><br>Direcci?n: Kilometro 3 Acacias Villavicencio",https://lh6.googleusercontent.com/A1ZG6FeA2pQVG61Y3yNmcGXTUqp_dcn2AJCIayxO6JvbtbpNafHMxz6TKsFt-ZBXkHIOwWQu0oD6Gumqmm6_cDYibqWi5DXiNAfr4UszttfRb3h0cIw8jxQhqrROjjZO,148 EPMSC Acacias,"50",META,85389685783.838,1680541.812,8538968.578
"<img src=""https://lh5.googleusercontent.com/proxy/oiQWW_oJBcEqaRSe7Dk3pZlAE11HosygZWi6akj7fBOWZwXFZDIAH2JidaUYV0txO387kgoi5omugzJv4GbJl94UtOwd4urzoRWa3LpqOPagclfnErnRCGoqdt6QZwzUTmVryrEJGxt9t-dP-QqM36x5GXX4ajQ9nkm21rh9ak2prpAIwsI"" height=""200"" width=""aut",https://lh5.googleusercontent.com/proxy/oiQWW_oJBcEqaRSe7Dk3pZlAE11HosygZWi6akj7fBOWZwXFZDIAH2JidaUYV0txO387kgoi5omugzJv4GbJl94UtOwd4urzoRWa3LpqOPagclfnErnRCGoqdt6QZwzUTmVryrEJGxt9t-dP-QqM36x5GXX4ajQ9nkm21rh9ak2prpAIwsI,9020 EJAPI BAS07 Apiay - Meta,"50",META,85389685783.838,1680541.812,8538968.578
"<img src=""https://lh4.googleusercontent.com/jEcKgbqVqMUE7cbgNWuidzZxximGG39LyhfMVF4f_aT5ojiwiItSi-XKXLBw2xXWbFJGkvw6iwIZhaOHuuTKMR67tDy6fHos9_QR8LeWsFVdy_12A8v118-1zUy4sCMw"" height=""200"" width=""auto"" /><br><br>Direcci?n: Carrera 24 # 21-23 San Juan de Pa",https://lh4.googleusercontent.com/jEcKgbqVqMUE7cbgNWuidzZxximGG39LyhfMVF4f_aT5ojiwiItSi-XKXLBw2xXWbFJGkvw6iwIZhaOHuuTKMR67tDy6fHos9_QR8LeWsFVdy_12A8v118-1zUy4sCMw,215 EPMSC Pasto,"52",NARIO,33283045970.747,1015680.966,3328304.597
"<img src=""https://lh5.googleusercontent.com/Yn7y_GJZzMq4AteQk59-JO1NeoZAluZ2casoXJHWc4YjHusAhhm8buEbB4ph0m8d9CM5DBGyho9ERHX_3gT9GPbcxPn4-i-8KBVewxZLSUw21HIzzMJo8mrjaI9sSIq1"" height=""200"" width=""auto"" /><br><br>Direcci?n: Seccion las Animas Ipiales Nari?o",https://lh5.googleusercontent.com/Yn7y_GJZzMq4AteQk59-JO1NeoZAluZ2casoXJHWc4YjHusAhhm8buEbB4ph0m8d9CM5DBGyho9ERHX_3gT9GPbcxPn4-i-8KBVewxZLSUw21HIzzMJo8mrjaI9sSIq1,217 EPMSC Ipiales,"52",NARIO,33283045970.747,1015680.966,3328304.597
"<img src=""https://lh4.googleusercontent.com/b6GlYYgMyC_UNI7vBt-QxIf949kLxa5sx5kCQHJMe6a9fFdM1mG0HMqrK5COnVtM0y6PC2LSVSneoFGTvt_wGSP8QckKGvGdhV7c_ietwNcoMf87U60--iOycpRyaiKD"" height=""200"" width=""auto"" /><br><br>Direcci?n: Cra. 3 # 13 ? 48 (Esquina), Barri",https://lh4.googleusercontent.com/b6GlYYgMyC_UNI7vBt-QxIf949kLxa5sx5kCQHJMe6a9fFdM1mG0HMqrK5COnVtM0y6PC2LSVSneoFGTvt_wGSP8QckKGvGdhV7c_ietwNcoMf87U60--iOycpRyaiKD,219 EPMSC La Union,"52",NARIO,33283045970.747,1015680.966,3328304.597
"<img src=""https://lh3.googleusercontent.com/esptnSVFlLUEoFQcYvX7rQAN9aObAR7m_1Q1OhHnhyn9i_ekZltAZZvtiEpcw5fO2UrZITwjf55Ab33nSDG0nUXJ1IvR0sW8NsorrEFERorqNzR7QQ740_TY5LjD6jaHJA"" height=""200"" width=""auto"" /><br><br>Direcci?n: Cra 15 # 26-2010 B\ Las mercede",https://lh3.googleusercontent.com/esptnSVFlLUEoFQcYvX7rQAN9aObAR7m_1Q1OhHnhyn9i_ekZltAZZvtiEpcw5fO2UrZITwjf55Ab33nSDG0nUXJ1IvR0sW8NsorrEFERorqNzR7QQ740_TY5LjD6jaHJA,221 EPMSC Tuquerres,"52",NARIO,33283045970.747,1015680.966,3328304.597
"<img src=""https://lh5.googleusercontent.com/laBx8LfhYuesLFukjqi24V37tnXNRE7E415UbUOQhVRaWX63swn8ZIvqz0-JG8AJWqpfGI5cJ2AliK2iX2x8SsGloYaS3l6O_0OTK2aoz1iWx7_WdR6UcCqa6Liinz-i"" height=""200"" width=""auto"" /><br><br>Direcci?n: Kilometro 15 Via Buchelli<br>Tel:",https://lh5.googleusercontent.com/laBx8LfhYuesLFukjqi24V37tnXNRE7E415UbUOQhVRaWX63swn8ZIvqz0-JG8AJWqpfGI5cJ2AliK2iX2x8SsGloYaS3l6O_0OTK2aoz1iWx7_WdR6UcCqa6Liinz-i,222 EPMSC Tumaco,"52",NARIO,33283045970.747,1015680.966,3328304.597
"<img src=""https://lh3.googleusercontent.com/nBvu-3psTjuASPkeGJ6Pp3P3jakQuNoWkVV3DFmtK70m1XjNqtTDbPwvGl4PHYexRerXCxROZNzfnbI6uJhlkjctGwf0DHbLPPWAar-_S3Bpo_5jRCoC8qEzbcvjBFKc"" height=""200"" width=""auto"" /><br><br>Direcci?n: Avenida Santander #12-129, Pamplo",https://lh3.googleusercontent.com/nBvu-3psTjuASPkeGJ6Pp3P3jakQuNoWkVV3DFmtK70m1XjNqtTDbPwvGl4PHYexRerXCxROZNzfnbI6uJhlkjctGwf0DHbLPPWAar-_S3Bpo_5jRCoC8qEzbcvjBFKc,407 EPMSC Pamplona,"54",NORTE DE SANTANDER,21443330911.239,914288.244,2144333.091
"<img src=""https://lh6.googleusercontent.com/7zlVqeNfhTkBeovQBobpkABi_SDPrLHVVnbXafNezC8iQMxZ9Bi4x1dWgPuQTnQaWTXH6EyFlzHpQbV5eCsCHoHS6wi3pTh254walzHFxZ-h4yuyDetIFndHhKU-74a2CA"" height=""200"" width=""auto"" /><br><br>Direcci?n: Carrera 16 # 4-34 B\ El tibet,",https://lh6.googleusercontent.com/7zlVqeNfhTkBeovQBobpkABi_SDPrLHVVnbXafNezC8iQMxZ9Bi4x1dWgPuQTnQaWTXH6EyFlzHpQbV5eCsCHoHS6wi3pTh254walzHFxZ-h4yuyDetIFndHhKU-74a2CA https://lh3.googleusercontent.com/r_lfhJHR5fR5Gb7XSvaTnHjgpPSaW61EfaIIWoE0M6k2SLnUoFjjg0F,408 EPMSC Oca?a,"54",NORTE DE SANTANDER,21443330911.239,914288.244,2144333.091
"<img src=""https://lh5.googleusercontent.com/95KmMVJfXBpaIk1GMtdtSZ388NSmtFPTPJF5311gLYjEUjKSt_TbMdi1iH8mi3zO9eRRUkw_gf1WfVHEGWQiCx2DEl_cCMuDDBkFz6LtbXRt4U7d35bPl6IZqMhyEk7w"" height=""200"" width=""auto"" /><br><br>Direcci?n: Calle 6 # 9a-98 Via al Salado<br>",https://lh5.googleusercontent.com/95KmMVJfXBpaIk1GMtdtSZ388NSmtFPTPJF5311gLYjEUjKSt_TbMdi1iH8mi3zO9eRRUkw_gf1WfVHEGWQiCx2DEl_cCMuDDBkFz6LtbXRt4U7d35bPl6IZqMhyEk7w,422 COCUC Cucuta,"54",NORTE DE SANTANDER,21443330911.239,914288.244,2144333.091
"<img src=""https://lh6.googleusercontent.com/b6eIg_7Vkq2WRcX65Yk4iCwD1_BtcDOYaGSSJmGxoNfoXLG3gMYWBjMBJ3J_s1wz_0oVb95GptZuipk67E56roB15ri2M6LHXqtoqfQO9M5sYkrJjaGV_1bnh9sTy3ih"" height=""200"" width=""auto"" /><br><br>Direcci?n: Kilometro 1 Via Valle Calarca Qui",https://lh6.googleusercontent.com/b6eIg_7Vkq2WRcX65Yk4iCwD1_BtcDOYaGSSJmGxoNfoXLG3gMYWBjMBJ3J_s1wz_0oVb95GptZuipk67E56roB15ri2M6LHXqtoqfQO9M5sYkrJjaGV_1bnh9sTy3ih,612 EPMSC Calarca,"63",QUINDIO,1732025801.293,207948.857,173202.580
"<img src=""https://lh6.googleusercontent.com/93a6HtNiDttnHuBqAQLZowX22JipmbMesKdeneLBH8MZvDC4JrIoCC_RM912L2d-ax2IGLKH5L6Pj1RNvLsfXl1G_2odzWewpn7hZQEdBvj4XVfmGXFXxyV3cGrJIGxk"" height=""200"" width=""auto"" /><br><br>Direcci?n: Calle 50 # 21-97 Armenia<br>Tel:",https://lh6.googleusercontent.com/93a6HtNiDttnHuBqAQLZowX22JipmbMesKdeneLBH8MZvDC4JrIoCC_RM912L2d-ax2IGLKH5L6Pj1RNvLsfXl1G_2odzWewpn7hZQEdBvj4XVfmGXFXxyV3cGrJIGxk,613 EPMSC Armenia,"63",QUINDIO,1732025801.293,207948.857,173202.580
"<img src=""https://lh3.googleusercontent.com/5zyIBkM_bE5W1E-75fz9kcRgdxuiWyGG_svFsfINNZwy0SuSJboxfrqRlkEC_6wUhe9ZGTL8IevfWPJop8loMPB4cq52cLSeLjAJ19mAcZBPEQKSJ_czCm_CiwdxpYsP"" height=""200"" width=""auto"" /><br><br>Direcci?n: Calle 50 # 23-29 Armenia<br>Tel:",https://lh3.googleusercontent.com/5zyIBkM_bE5W1E-75fz9kcRgdxuiWyGG_svFsfINNZwy0SuSJboxfrqRlkEC_6wUhe9ZGTL8IevfWPJop8loMPB4cq52cLSeLjAJ19mAcZBPEQKSJ_czCm_CiwdxpYsP,615 RM Armenia,"63",QUINDIO,1732025801.293,207948.857,173202.580
"<img src=""https://lh3.googleusercontent.com/YYePRctY_gWAKYR51A8-tymBaMuLH7iCUmzYrog4hEUcIgZsI-FuEPdIrczWLsTHTvwHzWIVtByh9KdpLPcjOELwQoE_WuTzh2hjbk8KxXLcKUSFZxGVkNUiorWAb3yH"" height=""200"" width=""auto"" /><br><br>Direcci?n: Carrera 7 bis # 18b - 31 4to piso",https://lh3.googleusercontent.com/YYePRctY_gWAKYR51A8-tymBaMuLH7iCUmzYrog4hEUcIgZsI-FuEPdIrczWLsTHTvwHzWIVtByh9KdpLPcjOELwQoE_WuTzh2hjbk8KxXLcKUSFZxGVkNUiorWAb3yH,600 Regional Viejo Caldas,"66",RISARALDA,4042733125.761,436988.677,404273.313
"<img src=""https://lh5.googleusercontent.com/FhtocROoiIyNJAibge8CfEr_Ux1sO2dNF05OyGoP687pr5xIpsOfzPRNxDzI1eA-mniVbbq_9AfDZ9cCKYvZNoGlxQOica4kGBfeuYDIRiUCguxc1pyxMiTjOo_DBkRH_g"" height=""200"" width=""auto"" /><br><br>Direcci?n: Carrera 8 # 41-27 Pereira Risar",https://lh5.googleusercontent.com/FhtocROoiIyNJAibge8CfEr_Ux1sO2dNF05OyGoP687pr5xIpsOfzPRNxDzI1eA-mniVbbq_9AfDZ9cCKYvZNoGlxQOica4kGBfeuYDIRiUCguxc1pyxMiTjOo_DBkRH_g,616 EPMSC Pereira,"66",RISARALDA,4042733125.761,436988.677,404273.313
"<img src=""https://lh4.googleusercontent.com/vrEc_BlIei_5OkrXLJl0c7-j3jVD9RW_tJ3w23uLcDy7M2dfceGbsZLuvEFZVyR9z2DNRg4w1D_WnxPCl1RIqVAZZ9awMjBf4nmHCkzNXkIV1B7QhNcCPEB8nbnZJUuw8Q"" height=""200"" width=""auto"" /><br><br>Direcci?n: Carrera 16 # 14-27 Santa Rosa d",https://lh4.googleusercontent.com/vrEc_BlIei_5OkrXLJl0c7-j3jVD9RW_tJ3w23uLcDy7M2dfceGbsZLuvEFZVyR9z2DNRg4w1D_WnxPCl1RIqVAZZ9awMjBf4nmHCkzNXkIV1B7QhNcCPEB8nbnZJUuw8Q,617 EPMSC Santa Rosa De Cabal,"66",RISARALDA,4042733125.761,436988.677,404273.313
"<img src=""https://lh3.googleusercontent.com/H52Ozx22uSGSfvpGYAwrRE9qRkXJ2kFZh7V3q62BhYct60yE5S6Us1ebiGBTi6IYvK8V-UJT4TJSpfCiYB8ry3YUGQFtKQl3_FZAGA_hhtr_VJRZbn1SqBI4IKedtiMK"" height=""200"" width=""auto"" /><br><br>Direcci?n: Via La Badea Turin La Popa Pereir",https://lh3.googleusercontent.com/H52Ozx22uSGSfvpGYAwrRE9qRkXJ2kFZh7V3q62BhYct60yE5S6Us1ebiGBTi6IYvK8V-UJT4TJSpfCiYB8ry3YUGQFtKQl3_FZAGA_hhtr_VJRZbn1SqBI4IKedtiMK,620 RM Pereira,"66",RISARALDA,4042733125.761,436988.677,404273.313
"<img src=""https://lh5.googleusercontent.com/O3NtMKnJsrv3kkOzm9qZy_a7O-42vCCoZuQPYiwe0Wkf-d01UgiS6osXK952dcCZett_DU4xCcKNTIjrpGAT0L0hn4OTa5hbz-LxNC1v78zBk8u5zubWvNynVBO9kfZL"" height=""200"" width=""auto"" /><br><br>Direcci?n: Kra 36 No.51-80 / Bucaramanga		<b",https://lh5.googleusercontent.com/O3NtMKnJsrv3kkOzm9qZy_a7O-42vCCoZuQPYiwe0Wkf-d01UgiS6osXK952dcCZett_DU4xCcKNTIjrpGAT0L0hn4OTa5hbz-LxNC1v78zBk8u5zubWvNynVBO9kfZL,400 Regional Oriente,"68",SANTANDER,30290221671.891,1036566.662,3029022.167
"<img src=""https://lh4.googleusercontent.com/vZyFstPXWl3La8Qvqf6N6O0I-6GLBQcDXItB6ukk3f3uPnpiRBj4iij53XHmyjVRxSxA_dx-PAxeFjY7eL68LWZiYop5qCZCn_0U1ONQNe55X7tdGhrc39rHV3obzGh0"" height=""200"" width=""auto"" /><br><br>Direcci?n: Calle 45 # 6-75, Bucaramanga (San",https://lh4.googleusercontent.com/vZyFstPXWl3La8Qvqf6N6O0I-6GLBQcDXItB6ukk3f3uPnpiRBj4iij53XHmyjVRxSxA_dx-PAxeFjY7eL68LWZiYop5qCZCn_0U1ONQNe55X7tdGhrc39rHV3obzGh0 https://lh5.googleusercontent.com/PgCC-aJPu39wy77HCh6emEEy7N1cSYu_RJYHqTU7xl8aRQt3cPQA0VHno,410 EPMSC Bucaramanga,"68",SANTANDER,30290221671.891,1036566.662,3029022.167
"<img src=""https://lh3.googleusercontent.com/weAtmGLEvru3BBL5l2xAtM0-pGuHs1picEYQTJ-fb-qPTaSAjTOu8MQJObpbUtw9eUCW9td-cVyv3JBevI0XB7DEVPdypaBe3rKQ0zP5lQ6EqYp3wd7y98ZqThfDwy8_"" height=""200"" width=""auto"" /><br><br>Direcci?n: Carrera 5ta. # 8 N 07,Barrancaber",https://lh3.googleusercontent.com/weAtmGLEvru3BBL5l2xAtM0-pGuHs1picEYQTJ-fb-qPTaSAjTOu8MQJObpbUtw9eUCW9td-cVyv3JBevI0XB7DEVPdypaBe3rKQ0zP5lQ6EqYp3wd7y98ZqThfDwy8_,411 EPMSC Barrancabermeja,"68",SANTANDER,30290221671.891,1036566.662,3029022.167
"<img src=""https://lh6.googleusercontent.com/i0hrfOtolonLF0sLkAJ0KswJdV2abSa0poGAnEV4fR7bzVgysmGT_7EDyWeDz2BTIx4KEexIfO-2zFSSh2XmcU2xED8dZ_RCEu4xXtbkesVCNoxuB1T6sQtlhKfCboM"" height=""200"" width=""auto"" /><br><br>Direcci?n: Carrera 9 #11-40, Malaga (Santande",https://lh6.googleusercontent.com/i0hrfOtolonLF0sLkAJ0KswJdV2abSa0poGAnEV4fR7bzVgysmGT_7EDyWeDz2BTIx4KEexIfO-2zFSSh2XmcU2xED8dZ_RCEu4xXtbkesVCNoxuB1T6sQtlhKfCboM,413 EPMSC Malaga,"68",SANTANDER,30290221671.891,1036566.662,3029022.167
"<img src=""https://lh3.googleusercontent.com/SO6Ou9Sp-K1_EYbkSfEGRP2UpUmxT0rIjEnt5SsE0Ltq2hKh_lMKUzOBzgq_D9PMQCZaqGkzrlO19G5QLZeKBpHF4Jcbaci0Rk2w3Lo8r-G85TcbQzU7JLItzqSdaC1R"" height=""200"" width=""auto"" /><br><br>Direcci?n: Carrera 12 #20 A 67, San Gil (San",https://lh3.googleusercontent.com/SO6Ou9Sp-K1_EYbkSfEGRP2UpUmxT0rIjEnt5SsE0Ltq2hKh_lMKUzOBzgq_D9PMQCZaqGkzrlO19G5QLZeKBpHF4Jcbaci0Rk2w3Lo8r-G85TcbQzU7JLItzqSdaC1R,415 EPMS San Gil,"68",SANTANDER,30290221671.891,1036566.662,3029022.167
"<img src=""https://lh5.googleusercontent.com/4h-bx9Uq95lk5oSYoVJcuZQ6I4DHWaIluMILpqVyAfkf2DN5tRUyGbaepP0Y2cQhbD3_bMlIGb1DTU40dYU_ZVxhDVMh6b4jYLSB9p2BEvL7EkDpQItIevgD5xFjJU_48Q"" height=""200"" width=""auto"" /><br><br>Direcci?n: Via San Gil Socorro Kilometro 7",https://lh5.googleusercontent.com/4h-bx9Uq95lk5oSYoVJcuZQ6I4DHWaIluMILpqVyAfkf2DN5tRUyGbaepP0Y2cQhbD3_bMlIGb1DTU40dYU_ZVxhDVMh6b4jYLSB9p2BEvL7EkDpQItIevgD5xFjJU_48Q,416 EPMSC Socorro,"68",SANTANDER,30290221671.891,1036566.662,3029022.167
"<img src=""https://lh4.googleusercontent.com/nlfrFbifmsYokWqzOi0KM4WCt2UhnG9me3-u0llEeH36KvL7wwGkgIhQPi9Ik5VvBSK8ojgMHSClvvZRmRg_AI-flJU22nRHnoi-4oaQ3lUHeX0E8UVMpYyQtaPXbj8"" height=""200"" width=""auto"" /><br><br>Direcci?n: Calle 16 #17 B 26, San Vicente de",https://lh4.googleusercontent.com/nlfrFbifmsYokWqzOi0KM4WCt2UhnG9me3-u0llEeH36KvL7wwGkgIhQPi9Ik5VvBSK8ojgMHSClvvZRmRg_AI-flJU22nRHnoi-4oaQ3lUHeX0E8UVMpYyQtaPXbj8,417 EPMSC San Vicente De Chucuri,"68",SANTANDER,30290221671.891,1036566.662,3029022.167
"<img src=""https://lh4.googleusercontent.com/wpodLVgIPVAzm3NbNu62qAyQQx9r-s76spNJnLQUhBsMZOvW_OfLmwSidrPKm9DEYj4LOso1H39KobJ9A6ZbZN-VfvPemCU4rMYEDuYQQRJepZsxbdOZooS888X27x619A"" height=""200"" width=""auto"" /><br><br>Direcci?n: Carrera 4 Salida Chipata, Velez",https://lh4.googleusercontent.com/wpodLVgIPVAzm3NbNu62qAyQQx9r-s76spNJnLQUhBsMZOvW_OfLmwSidrPKm9DEYj4LOso1H39KobJ9A6ZbZN-VfvPemCU4rMYEDuYQQRJepZsxbdOZooS888X27x619A,418 EPMSC Velez,"68",SANTANDER,30290221671.891,1036566.662,3029022.167
"<img src=""https://lh6.googleusercontent.com/BiB0Fewx3xgkuhK_f-lhSe8ssPtAg1YgaV3kEoTnF4w-P3mrORqwUxEBIqtHN2ODumN7XQnsW270XU6ohxZ07Gdtxn_JX2Lx20T-BbMg-YWkMxyhZWkYmkA8SqAl7_RhaQ"" height=""200"" width=""auto"" /><br><br>Direcci?n: Calle 45 Via Chimity, Bucaraman",https://lh6.googleusercontent.com/BiB0Fewx3xgkuhK_f-lhSe8ssPtAg1YgaV3kEoTnF4w-P3mrORqwUxEBIqtHN2ODumN7XQnsW270XU6ohxZ07Gdtxn_JX2Lx20T-BbMg-YWkMxyhZWkYmkA8SqAl7_RhaQ,420 RM Bucaramanga,"68",SANTANDER,30290221671.891,1036566.662,3029022.167
"<img src=""https://lh6.googleusercontent.com/Fl600Gejac1qiRDvmhYnsJzCycccqqg_af5dznYDqNZMkbMtxaQU-xEh9lRgLX-BVScOHEP5hsFJHXYhAOqhvFJp1J0qBD6iFuteU1_KHZDr1ZqNLCZDfv-0wDEIKW90tw"" height=""200"" width=""auto"" /><br><br>Direcci?n: Carretera A Zapatoca Km 14 Vere",https://lh6.googleusercontent.com/Fl600Gejac1qiRDvmhYnsJzCycccqqg_af5dznYDqNZMkbMtxaQU-xEh9lRgLX-BVScOHEP5hsFJHXYhAOqhvFJp1J0qBD6iFuteU1_KHZDr1ZqNLCZDfv-0wDEIKW90tw,421 EPAMS Giron,"68",SANTANDER,30290221671.891,1036566.662,3029022.167
"<img src=""https://lh6.googleusercontent.com/i_0zukpvbmQek4I5Z2x-_bYssd1R5bS9iRSN_6j2-5ZChiYN5vIrOo_k2Q8EVAndAe43Vb9JckHqlnwxp-GKTliy6cf7W3y6SNzKbYvGkVSFNPHtvNjosIVbTz_c6VdbfA"" height=""200"" width=""auto"" /><br><br>Direcci?n: Calle 50 Carrera 10 - 03 Esquin",https://lh6.googleusercontent.com/i_0zukpvbmQek4I5Z2x-_bYssd1R5bS9iRSN_6j2-5ZChiYN5vIrOo_k2Q8EVAndAe43Vb9JckHqlnwxp-GKTliy6cf7W3y6SNzKbYvGkVSFNPHtvNjosIVbTz_c6VdbfA,515 EPMSC Puerto Berrio,"68",SANTANDER,30290221671.891,1036566.662,3029022.167
"<img src=""https://lh4.googleusercontent.com/MddO7Dv4GUr9kbkgY5QGx41RwW50ABpxQgqHt0OEFdbdClk6c-GgONAD30kFxFc84_NNV3qW0_NSOiywnKItx5yDB-dR-3FvLS4gyTieAozmIKvldhFXxFfIfJVNjMp4"" height=""200"" width=""auto"" /><br><br>Direcci?n: Barrio La Vega Carretera Antigua",https://lh4.googleusercontent.com/MddO7Dv4GUr9kbkgY5QGx41RwW50ABpxQgqHt0OEFdbdClk6c-GgONAD30kFxFc84_NNV3qW0_NSOiywnKItx5yDB-dR-3FvLS4gyTieAozmIKvldhFXxFfIfJVNjMp4,319 EPMSC Sincelejo,"70",SUCRE,10823789104.326,688869.681,1082378.910
"<img src=""https://lh4.googleusercontent.com/oo4-mFxwSD6S5JVB0ZSGzMK4ZTO9iNd6myz5RO-TV8itUO9JRTBHKc1cuVrOUA8Gm9wpGbxALc51S_IoP82NxI_WgguQGviWREYfYf-oJmjlgonm20_hv4ZaMG1CKtB63Q"" height=""200"" width=""auto"" /><br><br>Direcci?n: Carrera 26 # 31-59 Corozal<br>T",https://lh4.googleusercontent.com/oo4-mFxwSD6S5JVB0ZSGzMK4ZTO9iNd6myz5RO-TV8itUO9JRTBHKc1cuVrOUA8Gm9wpGbxALc51S_IoP82NxI_WgguQGviWREYfYf-oJmjlgonm20_hv4ZaMG1CKtB63Q,320 ERE Corozal,"70",SUCRE,10823789104.326,688869.681,1082378.910
"<img src=""https://lh6.googleusercontent.com/JKO4w6g_jiJ8e4mIFgRMqmPvL8gtdg_pmDzk9v9BFyAwiumM-5ieC5LDYLf9PTw_AF3OA6aHdN_Ju3SjcYMyyaV_2A1hvOUg80tnleBiTs05UXvx8y9GHOgwAgHUtJEqkw"" height=""200"" width=""auto"" /><br><br>Direcci?n: Carrera 26 #5-45/49, Melgar (To",https://lh6.googleusercontent.com/JKO4w6g_jiJ8e4mIFgRMqmPvL8gtdg_pmDzk9v9BFyAwiumM-5ieC5LDYLf9PTw_AF3OA6aHdN_Ju3SjcYMyyaV_2A1hvOUg80tnleBiTs05UXvx8y9GHOgwAgHUtJEqkw,136 EPMSC Melgar,"73",TOLIMA,23421273474.061,853045.779,2342127.347
"<img src=""https://lh4.googleusercontent.com/0fZq4pvvmpOctCtqSG4Bop9xTxDK7PiOuqP0zOlGnhbh3U3Fsqj4G3MUck8vFrI5wVZoil27HFibPzwbYADGFzeAxqL5DeQopI3txITcCee6S1Bo0kIurs0MQ8UpPo8"" height=""200"" width=""auto"" /><br><br>Direcci?n: Carrera 6 E # 8 A 44, Chaparral, (",https://lh4.googleusercontent.com/0fZq4pvvmpOctCtqSG4Bop9xTxDK7PiOuqP0zOlGnhbh3U3Fsqj4G3MUck8vFrI5wVZoil27HFibPzwbYADGFzeAxqL5DeQopI3txITcCee6S1Bo0kIurs0MQ8UpPo8,144 EPMSC Chaparral,"73",TOLIMA,23421273474.061,853045.779,2342127.347
"<img src=""https://lh3.googleusercontent.com/_uwS8-7hqP5fwnPUSg6x7Fh3CYvE1zd354mdV3uUPZB0beS2QH-6avbQC2L3s_sBX3mJSR-I6IHCYJ6qGmI2DB14Tg0t8HgCtjGMS43VUl7cL7pHZXfF4TtoWjxQJZBrOQ"" height=""200"" width=""auto"" /><br><br>Direcci?n: Calle 10 Carrera 3 esquina, Pur",https://lh3.googleusercontent.com/_uwS8-7hqP5fwnPUSg6x7Fh3CYvE1zd354mdV3uUPZB0beS2QH-6avbQC2L3s_sBX3mJSR-I6IHCYJ6qGmI2DB14Tg0t8HgCtjGMS43VUl7cL7pHZXfF4TtoWjxQJZBrOQ,147 EPMSC Purificacion,"73",TOLIMA,23421273474.061,853045.779,2342127.347
"<img src=""https://lh4.googleusercontent.com/1hgm2SUK6RSinut1tiWJYXWUKY9JayJVPUyYtTH-gRVcZeLVu4Cbu7rJfYAgL5W1TDaGkWq73sT41v_SsuINNXjEMjW8UKp45B2wuJlrq4lspqeA6iPO8K6MEfVdeJ4O9A"" height=""200"" width=""auto"" /><br><br>Direcci?n: Calle 11 # 8-14, El Guamo (Toli",https://lh4.googleusercontent.com/1hgm2SUK6RSinut1tiWJYXWUKY9JayJVPUyYtTH-gRVcZeLVu4Cbu7rJfYAgL5W1TDaGkWq73sT41v_SsuINNXjEMjW8UKp45B2wuJlrq4lspqeA6iPO8K6MEfVdeJ4O9A https://lh4.googleusercontent.com/axFayEVLIL5OsyboS8y17I1tlu0SoLTa6j1CMk7cSuTjUZ2mVIBlb_g,158 EPMSC El Guamo,"73",TOLIMA,23421273474.061,853045.779,2342127.347
"<img src=""https://lh6.googleusercontent.com/IJrXM6GQavClOxn7UQIzQy60fDNBsTikXBglsZ2qyKRTT2mOc74zdBlyYWpfpvWun-9zY9csiOCOGyQpf2gTlAfDijuA0BjzaZ-EY9djeZKltSuWNxsMM8gRjgpTGspmUw"" height=""200"" width=""auto"" /><br><br>Direcci?n: Calle 6 Con Carrera 12 B/Isa?as",https://lh6.googleusercontent.com/IJrXM6GQavClOxn7UQIzQy60fDNBsTikXBglsZ2qyKRTT2mOc74zdBlyYWpfpvWun-9zY9csiOCOGyQpf2gTlAfDijuA0BjzaZ-EY9djeZKltSuWNxsMM8gRjgpTGspmUw https://lh6.googleusercontent.com/BAATJaRKalbAF8yxgzPfmpf69VsMgOmxL7KGOhjHEoerG3KFJbgNwk0,145 EPMSC Espinal,"73",TOLIMA,23421273474.061,853045.779,2342127.347
"<img src=""https://lh5.googleusercontent.com/9uN7CpMHZVFo0pFJJbdniP6Vk1ahJFV3rGuuwSKYvkc7i493vOeoyM-s_29a14hk6D2czevsJcIouVE8hgRlF5ALQyC3BPisko45POnJ31HjEWb03KSzZ_rSFTMFPzdA"" height=""200"" width=""auto"" /><br><br>Direcci?n: Carrera 6 # 6-23 Armero Guayabal",https://lh5.googleusercontent.com/9uN7CpMHZVFo0pFJJbdniP6Vk1ahJFV3rGuuwSKYvkc7i493vOeoyM-s_29a14hk6D2czevsJcIouVE8hgRlF5ALQyC3BPisko45POnJ31HjEWb03KSzZ_rSFTMFPzdA,623 EC Armero Guayabal,"73",TOLIMA,23421273474.061,853045.779,2342127.347
"<img src=""https://lh5.googleusercontent.com/DKRFhAytoeZ68MkXOB5L3ZgFEVK9U201LCJ7wg0cHgf5g0M1ydMZ7S8gXfaOaW-mOCxmXbulOjHQfj2poCZW_udyxEuYeCHDDBPme9b3zPHVdxfFA8n02PKmzkVbPwaZ6Q"" height=""200"" width=""auto"" /><br><br>Direcci?n: Calle 3 # 4-50 Fresno Tolima<br",https://lh5.googleusercontent.com/DKRFhAytoeZ68MkXOB5L3ZgFEVK9U201LCJ7wg0cHgf5g0M1ydMZ7S8gXfaOaW-mOCxmXbulOjHQfj2poCZW_udyxEuYeCHDDBPme9b3zPHVdxfFA8n02PKmzkVbPwaZ6Q,626 EPMSC Fresno,"73",TOLIMA,23421273474.061,853045.779,2342127.347
"<img src=""https://lh3.googleusercontent.com/iAoYyQs32T3on5KUH3M3zGrnlcwOTKOxPcxj4PuBTCGITq9YN77LS9GAY8Ui0DtjOiAhqKgKpgjA9tMP_0U8rTPpIRu9ju2up5AYiu4yZxhk60M3mdus7wxNwVQXvhqOQA"" height=""200"" width=""auto"" /><br><br>Direcci?n: Carrera 12 # 5-71 Libano Tolima",https://lh3.googleusercontent.com/iAoYyQs32T3on5KUH3M3zGrnlcwOTKOxPcxj4PuBTCGITq9YN77LS9GAY8Ui0DtjOiAhqKgKpgjA9tMP_0U8rTPpIRu9ju2up5AYiu4yZxhk60M3mdus7wxNwVQXvhqOQA,629 EPMSC Libano,"73",TOLIMA,23421273474.061,853045.779,2342127.347
"<img src=""https://lh5.googleusercontent.com/OAZCcLU96rUrYWZ_UmyxNjOcs3yLm5Yxgxh6YUlppD48bhXj6CevSjRyU1TxwSdLOCqz49x1rS9MtjxRvXbkWfyYxgUNwtkj3EPUmkn16v8XmP4F6sVbjL7En6gsrKez"" height=""200"" width=""auto"" /><br><br>Direcci?n: Carrera 45 Sur # 134-95 Barrio Pi",https://lh5.googleusercontent.com/OAZCcLU96rUrYWZ_UmyxNjOcs3yLm5Yxgxh6YUlppD48bhXj6CevSjRyU1TxwSdLOCqz49x1rS9MtjxRvXbkWfyYxgUNwtkj3EPUmkn16v8XmP4F6sVbjL7En6gsrKez,639 COIBA Ibague,"73",TOLIMA,23421273474.061,853045.779,2342127.347
"<img src=""https://lh6.googleusercontent.com/_O0ngsOXxnMTFGLBz_pdojbNnWoCdXnWsmilnIjG-bWxi3Z1FVbTmL1feNNERUaeVuN0CsbuaPTEKuR_nsEIKkp_4o01Nw1H-VMEsjlyiAVG97Ofx9RRlmCHIiDnC7xI"" height=""200"" width=""auto"" /><br><br>Direcci?n: Calle 22 Norte # 3n - 49 Barrio V",https://lh6.googleusercontent.com/_O0ngsOXxnMTFGLBz_pdojbNnWoCdXnWsmilnIjG-bWxi3Z1FVbTmL1feNNERUaeVuN0CsbuaPTEKuR_nsEIKkp_4o01Nw1H-VMEsjlyiAVG97Ofx9RRlmCHIiDnC7xI,200 Regional Occidente,"76",VALLE DEL CAUCA,22146825343.909,995449.434,2214682.534
"<img src=""https://lh6.googleusercontent.com/Q0n1ZavtdY6e2rFou3FkNqn6WUmcBvpPKRYoI98z8o6Exb6xRmZeiV_p6HMkYbl-yDzigsj3jgcaRuNupNJ34TcZxzNMEEoPiOJICNpVTGLF3p2Ls7nbiWLTh63kGeBq"" height=""200"" width=""auto"" /><br><br>Direcci?n: Calle 23 Via Al Ica Palmira<br>Te",https://lh6.googleusercontent.com/Q0n1ZavtdY6e2rFou3FkNqn6WUmcBvpPKRYoI98z8o6Exb6xRmZeiV_p6HMkYbl-yDzigsj3jgcaRuNupNJ34TcZxzNMEEoPiOJICNpVTGLF3p2Ls7nbiWLTh63kGeBq https://lh3.googleusercontent.com/5VddGFgOzX3HdEzYyJ4IvesXABCIj-0-HlEdme7NgJcXAYSkgjtXV70kX,225 EPAMSCAS Palmira,"76",VALLE DEL CAUCA,22146825343.909,995449.434,2214682.534
"<img src=""https://lh5.googleusercontent.com/HRCllo35Ji47p0pVMvK72RssKw83FjHJjUCm1OT7lvy-qH4v7Icc-21ud0OTA14t4cj2wAPAG5ylw5yHFQDSh2eMwRxdBVMe59yTFClFJFkHiT1TzZJJIR52DGING2PcKA"" height=""200"" width=""auto"" /><br><br>Direcci?n: Transversal 25 # 31-116 Santiag",https://lh5.googleusercontent.com/HRCllo35Ji47p0pVMvK72RssKw83FjHJjUCm1OT7lvy-qH4v7Icc-21ud0OTA14t4cj2wAPAG5ylw5yHFQDSh2eMwRxdBVMe59yTFClFJFkHiT1TzZJJIR52DGING2PcKA https://lh3.googleusercontent.com/-hu21Ab2mv0MYIMkDANYyNQwtgKow8SUwBhLnqgCKZ9siq-T6R-xV69,226 EPMSC Cali,"76",VALLE DEL CAUCA,22146825343.909,995449.434,2214682.534
"<img src=""https://lh4.googleusercontent.com/OuUuyb-c_tkoKrSx7DkSz_0qSaigLElT5tSw7ifBiK0fMT14arR0bF3Hlik-q0vsViRa8jD-c9OHT5TMkicthJT-kcMZXJtBiMyYiGWn3dKq5etSHy9X0J-UXR9nF9w5"" height=""200"" width=""auto"" /><br><br>Direcci?n: Carrera 16 # 32-97 Buga<br>Tel: (",https://lh4.googleusercontent.com/OuUuyb-c_tkoKrSx7DkSz_0qSaigLElT5tSw7ifBiK0fMT14arR0bF3Hlik-q0vsViRa8jD-c9OHT5TMkicthJT-kcMZXJtBiMyYiGWn3dKq5etSHy9X0J-UXR9nF9w5,227 EPMSC Buga,"76",VALLE DEL CAUCA,22146825343.909,995449.434,2214682.534
"<img src=""https://lh5.googleusercontent.com/jTFbkCOJcs5l5smni5EnaCmdYLEiVaBdOZdFXVDkRtYOHP-kxKnOL3zlj198wMXwCZgT_SleNohLjKmIUPthZ6QRlYqzE2ctMX7etgnWW5yAYXk0M-hT3e4MqvvDbGYJ"" height=""200"" width=""auto"" /><br><br>Direcci?n: Calle 6 # 51 B 61 Buenaventura<br",https://lh5.googleusercontent.com/jTFbkCOJcs5l5smni5EnaCmdYLEiVaBdOZdFXVDkRtYOHP-kxKnOL3zlj198wMXwCZgT_SleNohLjKmIUPthZ6QRlYqzE2ctMX7etgnWW5yAYXk0M-hT3e4MqvvDbGYJ https://lh6.googleusercontent.com/0IjCSMazNLOU7GBMW-NCPBe8wCan6vV0qHpY3btBPSnGlA_tNzCefcvmS,228 EPMSC Buenaventura,"76",VALLE DEL CAUCA,22146825343.909,995449.434,2214682.534
"<img src=""https://lh5.googleusercontent.com/9x9g_AJJDdSZaGoIaDUYN9cYjWczDD4Xp9RsVWjpjzDi9ETC2Nn02Zvw6oL-2MEdasH10RxPcM-2ccgVIdseTaYdkUQtuo1X3wREDQ_SrWr5PZd_YT7M-RCOGc67oKFy"" height=""200"" width=""auto"" /><br><br>Direcci?n: Carrera 29 Calle 14 Tulua<br>Tel:",https://lh5.googleusercontent.com/9x9g_AJJDdSZaGoIaDUYN9cYjWczDD4Xp9RsVWjpjzDi9ETC2Nn02Zvw6oL-2MEdasH10RxPcM-2ccgVIdseTaYdkUQtuo1X3wREDQ_SrWr5PZd_YT7M-RCOGc67oKFy,233 EPMSC Tulua,"76",VALLE DEL CAUCA,22146825343.909,995449.434,2214682.534
"<img src=""https://lh6.googleusercontent.com/5Vqqiv3TkNmfJICJ5giidYJabw6f0U-kuUBlWaJuz1jdrycbnKbHzl0HiBaKZTgFpo4eU7V2KUn98ELPjVjSliQ0NY8GaU_kDFBsq99GQi0zzuKUAlTHCNBsMGlVxByc"" height=""200"" width=""auto"" /><br><br>Direcci?n: Calle 10 # 13 - 72 Cartago<br>Tel",https://lh6.googleusercontent.com/5Vqqiv3TkNmfJICJ5giidYJabw6f0U-kuUBlWaJuz1jdrycbnKbHzl0HiBaKZTgFpo4eU7V2KUn98ELPjVjSliQ0NY8GaU_kDFBsq99GQi0zzuKUAlTHCNBsMGlVxByc https://lh3.googleusercontent.com/qjwJ8IEWTNZSg4DScCCvyx6NX43uQoq6rcVyfEvjXQRLO-DW4DhinaBLe,238 EPMSC Cartago,"76",VALLE DEL CAUCA,22146825343.909,995449.434,2214682.534
"<img src=""https://lh3.googleusercontent.com/lW2aXklwnHdr6dtcnGqH5_C5vxq-EPirpj4td6KTRYLsYPP2q7zsa0LjilJhPH2jPP4EefmZZVekOBcDI6ptlcCTVNkg4Z2_DCD4pDxT6oJv_sf1UtvGYRGAu-hhPuAp"" height=""200"" width=""auto"" /><br><br>Direcci?n: Carrera 18 # 19 - 203 Caicedonia<",https://lh3.googleusercontent.com/lW2aXklwnHdr6dtcnGqH5_C5vxq-EPirpj4td6KTRYLsYPP2q7zsa0LjilJhPH2jPP4EefmZZVekOBcDI6ptlcCTVNkg4Z2_DCD4pDxT6oJv_sf1UtvGYRGAu-hhPuAp,239 EPMSC Caicedonia,"76",VALLE DEL CAUCA,22146825343.909,995449.434,2214682.534
"<img src=""https://lh6.googleusercontent.com/Z5Dsy8khNy7yTneIHIsJPdAZuw43GuI0tMuWIard1BV1CC24ymFyzdAQYW2dOGvVlHpp5Nw4CxQ2JlTmRcL3qojxR5kRQMRhEjRGOrSBt3kfNy2jcK0pMPTqoDST1vE"" height=""200"" width=""auto"" /><br><br>Direcci?n: Carrera 7 # 6-51Roldanillo<br>Tel:",https://lh6.googleusercontent.com/Z5Dsy8khNy7yTneIHIsJPdAZuw43GuI0tMuWIard1BV1CC24ymFyzdAQYW2dOGvVlHpp5Nw4CxQ2JlTmRcL3qojxR5kRQMRhEjRGOrSBt3kfNy2jcK0pMPTqoDST1vE https://lh6.googleusercontent.com/nH-v_oh-hAUTXAXX3Kkpi9LjMKNUiUzcnLeLjagMjHmLYsbwc9_Jha33wJ,240 EPMSC Roldanillo,"76",VALLE DEL CAUCA,22146825343.909,995449.434,2214682.534
"<img src=""https://lh5.googleusercontent.com/GwskVdaL1vEWV9HGRaHzEskPx3PYGDQccu-JNDvC5ldfA2MQl9JXXlP_d4_sMbnyAzK_YeXY_XAmh8OSTaPNvUgLMvxYLVaOIrIAyE9RWWqLVnEzyR5xyNSYc9DXo_qBOQ"" height=""200"" width=""auto"" /><br><br>Direcci?n: Carrera 50 Calle 61A Esquina Se",https://lh5.googleusercontent.com/GwskVdaL1vEWV9HGRaHzEskPx3PYGDQccu-JNDvC5ldfA2MQl9JXXlP_d4_sMbnyAzK_YeXY_XAmh8OSTaPNvUgLMvxYLVaOIrIAyE9RWWqLVnEzyR5xyNSYc9DXo_qBOQ https://lh6.googleusercontent.com/ZdzqSnTYbBizARChVRYNniCb35zdC_qaAmKpBzlWHXOtIfciU9ps8mT,241 EPMSC Sevilla,"76",VALLE DEL CAUCA,22146825343.909,995449.434,2214682.534
"<img src=""https://lh6.googleusercontent.com/3wFL_k9Oo_4Rj8OVtKeFTk9N0pLrnJ5sidajei90MWD-x8WVOGoj5N5cRtWikRd-GRqZX62KXFv59-q9EiwWA1B3eXg1mZT1EUbrugYZ7_skC7cGvx5G2ejtL226wwk8Ag"" height=""200"" width=""auto"" /><br><br>Direcci?n: Km 3,2 V?a Jamundi - Bocas De P",https://lh6.googleusercontent.com/3wFL_k9Oo_4Rj8OVtKeFTk9N0pLrnJ5sidajei90MWD-x8WVOGoj5N5cRtWikRd-GRqZX62KXFv59-q9EiwWA1B3eXg1mZT1EUbrugYZ7_skC7cGvx5G2ejtL226wwk8Ag,242 COJAM Jamundi,"76",VALLE DEL CAUCA,22146825343.909,995449.434,2214682.534
"<img src=""https://lh5.googleusercontent.com/proxy/jGGC4rKFu08ApFD8tWfKOXfXfNuQMWJLd4QOaTx72CGhCgK1d5oL2S8jGzAkus0M28yVbTarIdj3m3_pqsW4XBRJ95h7nHYZ7L_6e6TwT0RpQYl6AOWK2si5c4O8e56ikPVpfgS9PcDeMquCs2yR2s3YmNxWW7Uzhb4dvr3KThejuaPNXyI"" height=""200"" width=""aut",https://lh5.googleusercontent.com/proxy/jGGC4rKFu08ApFD8tWfKOXfXfNuQMWJLd4QOaTx72CGhCgK1d5oL2S8jGzAkus0M28yVbTarIdj3m3_pqsW4XBRJ95h7nHYZ7L_6e6TwT0RpQYl6AOWK2si5c4O8e56ikPVpfgS9PcDeMquCs2yR2s3YmNxWW7Uzhb4dvr3KThejuaPNXyI,9004 POVAL Cali - Valle,"76",VALLE DEL CAUCA,22146825343.909,995449.434,2214682.534
"<img src=""https://lh4.googleusercontent.com/S2_BLeU9XbW9FjnPOQSrR1KTfvR87VRVQnbjBul7BufuCPHlHoeVu4V4b09QlUSgQq5Nc4NK_KlxQv0XqiqPaTQ_k4iz0rgGEMHbzNrf5VGD7MLfCaGphMVSCvkyS004"" height=""200"" width=""auto"" /><br><br>Direcci?n: Carrera 7 No. 9-20 Barrio Camilo",https://lh4.googleusercontent.com/S2_BLeU9XbW9FjnPOQSrR1KTfvR87VRVQnbjBul7BufuCPHlHoeVu4V4b09QlUSgQq5Nc4NK_KlxQv0XqiqPaTQ_k4iz0rgGEMHbzNrf5VGD7MLfCaGphMVSCvkyS004,152 EPMSC Paz de Ariporo,"85",CASANARE,44714094970.350,1101844.910,4471409.497
"<img src=""https://lh4.googleusercontent.com/O7vh7s98ninhZyHTcbBIYSk02Oeu7fu8lDV4OnGv1se4fY1CdsDR-1KWIGN_2o1x5G0DngZpS_eADGmFaaAJK1EqYic9m7NcgGNLQSTgz5TYESzNbrDK35jjFapGtV3yTg"" height=""200"" width=""auto"" /><br><br>Direcci?n: Kilometro 12 v?a Yopal - Aguazu",https://lh4.googleusercontent.com/O7vh7s98ninhZyHTcbBIYSk02Oeu7fu8lDV4OnGv1se4fY1CdsDR-1KWIGN_2o1x5G0DngZpS_eADGmFaaAJK1EqYic9m7NcgGNLQSTgz5TYESzNbrDK35jjFapGtV3yTg https://lh5.googleusercontent.com/NnTWXFqOHVr-g3OoaFW8Dxj0bA868pbBB5_A-JhmNY7cfroyXDJXMyt,153 EC Yopal,"85",CASANARE,44714094970.350,1101844.910,4471409.497
"<img src=""https://lh5.googleusercontent.com/proxy/h5twDC_n_fK3pI0br4LLPzUuYakXrbEbypIGM-DAGVgaFontrppt_NiA5QnLWsVcbNT0ZquhLlNE8v3Y-KpOPuDMDk1pSUIr-Ck_Apo_nlWEsJgm0w-puyDyzkUZtsP03Ky5REq64roUoLpfQqAxUwiXj9-yvw18ZZAkRUUvCOoNHuS9O1Y"" height=""200"" width=""aut",https://lh5.googleusercontent.com/proxy/h5twDC_n_fK3pI0br4LLPzUuYakXrbEbypIGM-DAGVgaFontrppt_NiA5QnLWsVcbNT0ZquhLlNE8v3Y-KpOPuDMDk1pSUIr-Ck_Apo_nlWEsJgm0w-puyDyzkUZtsP03Ky5REq64roUoLpfQqAxUwiXj9-yvw18ZZAkRUUvCOoNHuS9O1Y,9018 EJEYO BAS16 Yopal,"85",CASANARE,44714094970.350,1101844.910,4471409.497
"<img src=""https://lh5.googleusercontent.com/L6Wuinxwkqn1yzfRe-x4YXSbTjGoSyCg4geebn0IT82IEe_NUGOoxePSbMUmBOAieOXHOedlyYKRDd9fpdno3o35CGEhiGQ7CqW7Yy16sAhoqq6ZsPo6ygNLRM1C2HKz"" height=""200"" width=""auto"" /><br><br>Direcci?n: Barrio La Esmeralda Via San Anton",https://lh5.googleusercontent.com/L6Wuinxwkqn1yzfRe-x4YXSbTjGoSyCg4geebn0IT82IEe_NUGOoxePSbMUmBOAieOXHOedlyYKRDd9fpdno3o35CGEhiGQ7CqW7Yy16sAhoqq6ZsPo6ygNLRM1C2HKz,224 EPMSC Mocoa,"86",PUTUMAYO,24707681631.591,1194372.666,2470768.163
"<img src=""https://lh3.googleusercontent.com/vjxjTgP8b_8yoiF0bgMugJnBLXFnkxk1jQRPctRKdV3TmcdzKEZz2SYr7KL6-2MkLNI-dRd6tk55gmVfyoMnTuaPL5Ep6Zp-ylm-z_Pkab0V6k0BP-x5Qb2hAZ16yg"" height=""200"" width=""auto"" /><br><br>Direcci?n: Kilometro 13, Av Circunvalar<br>Tel",https://lh3.googleusercontent.com/vjxjTgP8b_8yoiF0bgMugJnBLXFnkxk1jQRPctRKdV3TmcdzKEZz2SYr7KL6-2MkLNI-dRd6tk55gmVfyoMnTuaPL5Ep6Zp-ylm-z_Pkab0V6k0BP-x5Qb2hAZ16yg,318 EPMSC San Andres,"88",ARCHIPIELAGO DE SAN ANDRES PROVIDENCIA Y SANTA CATALINA,49602521.129,71946.251,4960.252
"<img src=""https://lh6.googleusercontent.com/Fa4vaNgGfs9nOaVg_PNH0TLQwCwIUcsIkcwYQVdPqUwEMijROPAMYFr6T3BR5a5BrJwltpsY3ZW6JB0fMwODgb7WjNmtH416qnx7aIDs7JF0K2JBBjl7xqZvhPKAP20O"" height=""200"" width=""auto"" /><br><br>Direcci?n: Calle 13 No 10-146, Leticia (Amaz",https://lh6.googleusercontent.com/Fa4vaNgGfs9nOaVg_PNH0TLQwCwIUcsIkcwYQVdPqUwEMijROPAMYFr6T3BR5a5BrJwltpsY3ZW6JB0fMwODgb7WjNmtH416qnx7aIDs7JF0K2JBBjl7xqZvhPKAP20O https://lh3.googleusercontent.com/X8oSVSIyAetDdW-BoOyDfHN8v1ho5pUa7EjbaZhIobu1ZkZgSyMpSMlhV,101 EPMSC Leticia,,,,,
"<img src=""https://lh3.googleusercontent.com/nEBx9KkXESJpSoe-Rtgi6T2I_MXqYpdbAX9Ng5WrOtT-gE8ihYArEYUDIx3ZHK5JKL3c2QMQCweCc4rJpxFbvl_eXN8kjoG87dXbn8-Yf3m9zdFZ4lTDiZW9bFORYjLxEA"" height=""200"" width=""auto"" /><br><br>Direcci?n: Calle 17 #25 A 26, Arauca (Arau",https://lh3.googleusercontent.com/nEBx9KkXESJpSoe-Rtgi6T2I_MXqYpdbAX9Ng5WrOtT-gE8ihYArEYUDIx3ZHK5JKL3c2QMQCweCc4rJpxFbvl_eXN8kjoG87dXbn8-Yf3m9zdFZ4lTDiZW9bFORYjLxEA,401 EPMSC Arauca,,,,,
